cn_year,regime,jp_year,module_removed,S_total_base,S_total_lomo,delta,n_alive_base,n_alive_lomo,gate_note,method_id,calibration_id,coverage_rule_id,metric_id,status
2000,OTHER,1984,GROWTH,-1.5373188060465053,,,4,3,removal leaves <4 alive modules,H5-1-LOMO-MARGINAL,JPZ-1970-2025/CNZ-2000-2025,CR-2026-09,MANHATTAN,FROZEN-D-H5-1-20260906
2000,OTHER,1984,INFLATION,-1.5373188060465053,,,4,3,removal leaves <4 alive modules,H5-1-LOMO-MARGINAL,JPZ-1970-2025/CNZ-2000-2025,CR-2026-09,MANHATTAN,FROZEN-D-H5-1-20260906
2000,OTHER,1984,MONEY_CREDIT,-1.5373188060465053,,,4,3,removal leaves <4 alive modules,H5-1-LOMO-MARGINAL,JPZ-1970-2025/CNZ-2000-2025,CR-2026-09,MANHATTAN,FROZEN-D-H5-1-20260906
2000,OTHER,1984,EXTERNAL,-1.5373188060465053,,,4,3,removal leaves <4 alive modules,H5-1-LOMO-MARGINAL,JPZ-1970-2025/CNZ-2000-2025,CR-2026-09,MANHATTAN,FROZEN-D-H5-1-20260906
2000,OTHER,1984,DEMOGRAPHY_LABOR,-1.5373188060465053,-1.5373,-0.0,4,4,,H5-1-LOMO-MARGINAL,JPZ-1970-2025/CNZ-2000-2025,CR-2026-09,MANHATTAN,FROZEN-D-H5-1-20260906
2001,J90,1991,GROWTH,-1.191887916244904,-0.9879,-0.204,5,4,,H5-1-LOMO-MARGINAL,JPZ-1970-2025/CNZ-2000-2025,CR-2026-09,MANHATTAN,FROZEN-D-H5-1-20260906
2001,J90,1991,INFLATION,-1.191887916244904,-0.9751,-0.2168,5,4,,H5-1-LOMO-MARGINAL,JPZ-1970-2025/CNZ-2000-2025,CR-2026-09,MANHATTAN,FROZEN-D-H5-1-20260906
2001,J90,1991,MONEY_CREDIT,-1.191887916244904,-1.4452,0.2533,5,4,,H5-1-LOMO-MARGINAL,JPZ-1970-2025/CNZ-2000-2025,CR-2026-09,MANHATTAN,FROZEN-D-H5-1-20260906
2001,J90,1991,EXTERNAL,-1.191887916244904,-1.481,0.2891,5,4,,H5-1-LOMO-MARGINAL,JPZ-1970-2025/CNZ-2000-2025,CR-2026-09,MANHATTAN,FROZEN-D-H5-1-20260906
2001,J90,1991,DEMOGRAPHY_LABOR,-1.191887916244904,-1.0701,-0.1218,5,4,,H5-1-LOMO-MARGINAL,JPZ-1970-2025/CNZ-2000-2025,CR-2026-09,MANHATTAN,FROZEN-D-H5-1-20260906
2002,OTHER,1984,GROWTH,-1.253372982989809,-1.2727,0.0193,5,4,,H5-1-LOMO-MARGINAL,JPZ-1970-2025/CNZ-2000-2025,CR-2026-09,MANHATTAN,FROZEN-D-H5-1-20260906
2002,OTHER,1984,INFLATION,-1.253372982989809,-0.9363,-0.3171,5,4,,H5-1-LOMO-MARGINAL,JPZ-1970-2025/CNZ-2000-2025,CR-2026-09,MANHATTAN,FROZEN-D-H5-1-20260906
2002,OTHER,1984,MONEY_CREDIT,-1.253372982989809,-1.3639,0.1105,5,4,,H5-1-LOMO-MARGINAL,JPZ-1970-2025/CNZ-2000-2025,CR-2026-09,MANHATTAN,FROZEN-D-H5-1-20260906
2002,OTHER,1984,EXTERNAL,-1.253372982989809,-1.5375,0.2841,5,4,,H5-1-LOMO-MARGINAL,JPZ-1970-2025/CNZ-2000-2025,CR-2026-09,MANHATTAN,FROZEN-D-H5-1-20260906
2002,OTHER,1984,DEMOGRAPHY_LABOR,-1.253372982989809,-1.1565,-0.0969,5,4,,H5-1-LOMO-MARGINAL,JPZ-1970-2025/CNZ-2000-2025,CR-2026-09,MANHATTAN,FROZEN-D-H5-1-20260906
2003,OTHER,1984,GROWTH,-0.8838159845266761,-0.9955,0.1117,5,4,,H5-1-LOMO-MARGINAL,JPZ-1970-2025/CNZ-2000-2025,CR-2026-09,MANHATTAN,FROZEN-D-H5-1-20260906
2003,OTHER,1984,INFLATION,-0.8838159845266761,-0.8116,-0.0722,5,4,,H5-1-LOMO-MARGINAL,JPZ-1970-2025/CNZ-2000-2025,CR-2026-09,MANHATTAN,FROZEN-D-H5-1-20260906
2003,OTHER,1984,MONEY_CREDIT,-0.8838159845266761,-1.0396,0.1558,5,4,,H5-1-LOMO-MARGINAL,JPZ-1970-2025/CNZ-2000-2025,CR-2026-09,MANHATTAN,FROZEN-D-H5-1-20260906
2003,OTHER,1984,EXTERNAL,-0.8838159845266761,-0.8081,-0.0757,5,4,,H5-1-LOMO-MARGINAL,JPZ-1970-2025/CNZ-2000-2025,CR-2026-09,MANHATTAN,FROZEN-D-H5-1-20260906
2003,OTHER,1984,DEMOGRAPHY_LABOR,-0.8838159845266761,-0.7642,-0.1196,5,4,,H5-1-LOMO-MARGINAL,JPZ-1970-2025/CNZ-2000-2025,CR-2026-09,MANHATTAN,FROZEN-D-H5-1-20260906
2004,J90,1991,GROWTH,-0.9569338709296661,-0.9505,-0.0064,5,4,,H5-1-LOMO-MARGINAL,JPZ-1970-2025/CNZ-2000-2025,CR-2026-09,MANHATTAN,FROZEN-D-H5-1-20260906
2004,J90,1991,INFLATION,-0.9569338709296661,-1.1713,0.2144,5,4,,H5-1-LOMO-MARGINAL,JPZ-1970-2025/CNZ-2000-2025,CR-2026-09,MANHATTAN,FROZEN-D-H5-1-20260906
2004,J90,1991,MONEY_CREDIT,-0.9569338709296661,-1.1392,0.1823,5,4,,H5-1-LOMO-MARGINAL,JPZ-1970-2025/CNZ-2000-2025,CR-2026-09,MANHATTAN,FROZEN-D-H5-1-20260906
2004,J90,1991,EXTERNAL,-0.9569338709296661,-0.5618,-0.3951,5,4,,H5-1-LOMO-MARGINAL,JPZ-1970-2025/CNZ-2000-2025,CR-2026-09,MANHATTAN,FROZEN-D-H5-1-20260906
2004,J90,1991,DEMOGRAPHY_LABOR,-0.9569338709296661,-0.9619,0.005,5,4,,H5-1-LOMO-MARGINAL,JPZ-1970-2025/CNZ-2000-2025,CR-2026-09,MANHATTAN,FROZEN-D-H5-1-20260906
2005,OTHER,1984,GROWTH,-0.899875111112074,-1.0097,0.1098,5,4,,H5-1-LOMO-MARGINAL,JPZ-1970-2025/CNZ-2000-2025,CR-2026-09,MANHATTAN,FROZEN-D-H5-1-20260906
2005,OTHER,1984,INFLATION,-0.899875111112074,-0.9329,0.033,5,4,,H5-1-LOMO-MARGINAL,JPZ-1970-2025/CNZ-2000-2025,CR-2026-09,MANHATTAN,FROZEN-D-H5-1-20260906
2005,OTHER,1984,MONEY_CREDIT,-0.899875111112074,-0.961,0.0611,5,4,,H5-1-LOMO-MARGINAL,JPZ-1970-2025/CNZ-2000-2025,CR-2026-09,MANHATTAN,FROZEN-D-H5-1-20260906
2005,OTHER,1984,EXTERNAL,-0.899875111112074,-0.9631,0.0632,5,4,,H5-1-LOMO-MARGINAL,JPZ-1970-2025/CNZ-2000-2025,CR-2026-09,MANHATTAN,FROZEN-D-H5-1-20260906
2005,OTHER,1984,DEMOGRAPHY_LABOR,-0.899875111112074,-0.6327,-0.2672,5,4,,H5-1-LOMO-MARGINAL,JPZ-1970-2025/CNZ-2000-2025,CR-2026-09,MANHATTAN,FROZEN-D-H5-1-20260906
2006,OTHER,1984,GROWTH,-0.8818376604175026,-0.9322,0.0504,5,4,,H5-1-LOMO-MARGINAL,JPZ-1970-2025/CNZ-2000-2025,CR-2026-09,MANHATTAN,FROZEN-D-H5-1-20260906
2006,OTHER,1984,INFLATION,-0.8818376604175026,-0.8598,-0.022,5,4,,H5-1-LOMO-MARGINAL,JPZ-1970-2025/CNZ-2000-2025,CR-2026-09,MANHATTAN,FROZEN-D-H5-1-20260906
2006,OTHER,1984,MONEY_CREDIT,-0.8818376604175026,-0.9078,0.026,5,4,,H5-1-LOMO-MARGINAL,JPZ-1970-2025/CNZ-2000-2025,CR-2026-09,MANHATTAN,FROZEN-D-H5-1-20260906
2006,OTHER,1984,EXTERNAL,-0.8818376604175026,-0.9679,0.0861,5,4,,H5-1-LOMO-MARGINAL,JPZ-1970-2025/CNZ-2000-2025,CR-2026-09,MANHATTAN,FROZEN-D-H5-1-20260906
2006,OTHER,1984,DEMOGRAPHY_LABOR,-0.8818376604175026,-0.7415,-0.1403,5,4,,H5-1-LOMO-MARGINAL,JPZ-1970-2025/CNZ-2000-2025,CR-2026-09,MANHATTAN,FROZEN-D-H5-1-20260906
2007,OTHER,1984,GROWTH,-1.1522559748968564,-1.2,0.0477,5,4,,H5-1-LOMO-MARGINAL,JPZ-1970-2025/CNZ-2000-2025,CR-2026-09,MANHATTAN,FROZEN-D-H5-1-20260906
2007,OTHER,1984,INFLATION,-1.1522559748968564,-1.1264,-0.0259,5,4,,H5-1-LOMO-MARGINAL,JPZ-1970-2025/CNZ-2000-2025,CR-2026-09,MANHATTAN,FROZEN-D-H5-1-20260906
2007,OTHER,1984,MONEY_CREDIT,-1.1522559748968564,-1.2353,0.083,5,4,,H5-1-LOMO-MARGINAL,JPZ-1970-2025/CNZ-2000-2025,CR-2026-09,MANHATTAN,FROZEN-D-H5-1-20260906
2007,OTHER,1984,EXTERNAL,-1.1522559748968564,-1.3325,0.1802,5,4,,H5-1-LOMO-MARGINAL,JPZ-1970-2025/CNZ-2000-2025,CR-2026-09,MANHATTAN,FROZEN-D-H5-1-20260906
2007,OTHER,1984,DEMOGRAPHY_LABOR,-1.1522559748968564,-0.8671,-0.2852,5,4,,H5-1-LOMO-MARGINAL,JPZ-1970-2025/CNZ-2000-2025,CR-2026-09,MANHATTAN,FROZEN-D-H5-1-20260906
2008,J90,1991,GROWTH,-0.9855166869603016,-1.0727,0.0872,5,4,,H5-1-LOMO-MARGINAL,JPZ-1970-2025/CNZ-2000-2025,CR-2026-09,MANHATTAN,FROZEN-D-H5-1-20260906
2008,J90,1991,INFLATION,-0.9855166869603016,-0.8698,-0.1157,5,4,,H5-1-LOMO-MARGINAL,JPZ-1970-2025/CNZ-2000-2025,CR-2026-09,MANHATTAN,FROZEN-D-H5-1-20260906
2008,J90,1991,MONEY_CREDIT,-0.9855166869603016,-1.0198,0.0343,5,4,,H5-1-LOMO-MARGINAL,JPZ-1970-2025/CNZ-2000-2025,CR-2026-09,MANHATTAN,FROZEN-D-H5-1-20260906
2008,J90,1991,EXTERNAL,-0.9855166869603016,-0.9947,0.0092,5,4,,H5-1-LOMO-MARGINAL,JPZ-1970-2025/CNZ-2000-2025,CR-2026-09,MANHATTAN,FROZEN-D-H5-1-20260906
2008,J90,1991,DEMOGRAPHY_LABOR,-0.9855166869603016,-0.9705,-0.015,5,4,,H5-1-LOMO-MARGINAL,JPZ-1970-2025/CNZ-2000-2025,CR-2026-09,MANHATTAN,FROZEN-D-H5-1-20260906
2009,OTHER,1987,GROWTH,-1.1026252609668767,-1.0922,-0.0104,5,4,,H5-1-LOMO-MARGINAL,JPZ-1970-2025/CNZ-2000-2025,CR-2026-09,MANHATTAN,FROZEN-D-H5-1-20260906
2009,OTHER,1987,INFLATION,-1.1026252609668767,-1.0551,-0.0475,5,4,,H5-1-LOMO-MARGINAL,JPZ-1970-2025/CNZ-2000-2025,CR-2026-09,MANHATTAN,FROZEN-D-H5-1-20260906
2009,OTHER,1987,MONEY_CREDIT,-1.1026252609668767,-1.2692,0.1666,5,4,,H5-1-LOMO-MARGINAL,JPZ-1970-2025/CNZ-2000-2025,CR-2026-09,MANHATTAN,FROZEN-D-H5-1-20260906
2009,OTHER,1987,EXTERNAL,-1.1026252609668767,-1.0754,-0.0272,5,4,,H5-1-LOMO-MARGINAL,JPZ-1970-2025/CNZ-2000-2025,CR-2026-09,MANHATTAN,FROZEN-D-H5-1-20260906
2009,OTHER,1987,DEMOGRAPHY_LABOR,-1.1026252609668767,-1.0213,-0.0813,5,4,,H5-1-LOMO-MARGINAL,JPZ-1970-2025/CNZ-2000-2025,CR-2026-09,MANHATTAN,FROZEN-D-H5-1-20260906
2010,OTHER,1984,GROWTH,-0.8131759668387479,-0.7459,-0.0673,5,4,,H5-1-LOMO-MARGINAL,JPZ-1970-2025/CNZ-2000-2025,CR-2026-09,MANHATTAN,FROZEN-D-H5-1-20260906
2010,OTHER,1984,INFLATION,-0.8131759668387479,-0.9555,0.1423,5,4,,H5-1-LOMO-MARGINAL,JPZ-1970-2025/CNZ-2000-2025,CR-2026-09,MANHATTAN,FROZEN-D-H5-1-20260906
2010,OTHER,1984,MONEY_CREDIT,-0.8131759668387479,-0.959,0.1458,5,4,,H5-1-LOMO-MARGINAL,JPZ-1970-2025/CNZ-2000-2025,CR-2026-09,MANHATTAN,FROZEN-D-H5-1-20260906
2010,OTHER,1984,EXTERNAL,-0.8131759668387479,-0.7917,-0.0215,5,4,,H5-1-LOMO-MARGINAL,JPZ-1970-2025/CNZ-2000-2025,CR-2026-09,MANHATTAN,FROZEN-D-H5-1-20260906
2010,OTHER,1984,DEMOGRAPHY_LABOR,-0.8131759668387479,-0.6138,-0.1994,5,4,,H5-1-LOMO-MARGINAL,JPZ-1970-2025/CNZ-2000-2025,CR-2026-09,MANHATTAN,FROZEN-D-H5-1-20260906
2011,J90,1991,GROWTH,-0.9022080524254232,-0.7718,-0.1304,5,4,,H5-1-LOMO-MARGINAL,JPZ-1970-2025/CNZ-2000-2025,CR-2026-09,MANHATTAN,FROZEN-D-H5-1-20260906
2011,J90,1991,INFLATION,-0.9022080524254232,-0.85,-0.0522,5,4,,H5-1-LOMO-MARGINAL,JPZ-1970-2025/CNZ-2000-2025,CR-2026-09,MANHATTAN,FROZEN-D-H5-1-20260906
2011,J90,1991,MONEY_CREDIT,-0.9022080524254232,-1.123,0.2208,5,4,,H5-1-LOMO-MARGINAL,JPZ-1970-2025/CNZ-2000-2025,CR-2026-09,MANHATTAN,FROZEN-D-H5-1-20260906
2011,J90,1991,EXTERNAL,-0.9022080524254232,-0.8229,-0.0793,5,4,,H5-1-LOMO-MARGINAL,JPZ-1970-2025/CNZ-2000-2025,CR-2026-09,MANHATTAN,FROZEN-D-H5-1-20260906
2011,J90,1991,DEMOGRAPHY_LABOR,-0.9022080524254232,-0.9434,0.0412,5,4,,H5-1-LOMO-MARGINAL,JPZ-1970-2025/CNZ-2000-2025,CR-2026-09,MANHATTAN,FROZEN-D-H5-1-20260906
2012,J90,1997,GROWTH,-0.5611583121126708,-0.3973,-0.1639,5,4,,H5-1-LOMO-MARGINAL,JPZ-1970-2025/CNZ-2000-2025,CR-2026-09,MANHATTAN,FROZEN-D-H5-1-20260906
2012,J90,1997,INFLATION,-0.5611583121126708,-0.6821,0.1209,5,4,,H5-1-LOMO-MARGINAL,JPZ-1970-2025/CNZ-2000-2025,CR-2026-09,MANHATTAN,FROZEN-D-H5-1-20260906
2012,J90,1997,MONEY_CREDIT,-0.5611583121126708,-0.6315,0.0703,5,4,,H5-1-LOMO-MARGINAL,JPZ-1970-2025/CNZ-2000-2025,CR-2026-09,MANHATTAN,FROZEN-D-H5-1-20260906
2012,J90,1997,EXTERNAL,-0.5611583121126708,-0.517,-0.0442,5,4,,H5-1-LOMO-MARGINAL,JPZ-1970-2025/CNZ-2000-2025,CR-2026-09,MANHATTAN,FROZEN-D-H5-1-20260906
2012,J90,1997,DEMOGRAPHY_LABOR,-0.5611583121126708,-0.578,0.0168,5,4,,H5-1-LOMO-MARGINAL,JPZ-1970-2025/CNZ-2000-2025,CR-2026-09,MANHATTAN,FROZEN-D-H5-1-20260906
2013,J90,1991,GROWTH,-0.4330304439717995,-0.3009,-0.1321,5,4,,H5-1-LOMO-MARGINAL,JPZ-1970-2025/CNZ-2000-2025,CR-2026-09,MANHATTAN,FROZEN-D-H5-1-20260906
2013,J90,1991,INFLATION,-0.4330304439717995,-0.3469,-0.0861,5,4,,H5-1-LOMO-MARGINAL,JPZ-1970-2025/CNZ-2000-2025,CR-2026-09,MANHATTAN,FROZEN-D-H5-1-20260906
2013,J90,1991,MONEY_CREDIT,-0.4330304439717995,-0.537,0.104,5,4,,H5-1-LOMO-MARGINAL,JPZ-1970-2025/CNZ-2000-2025,CR-2026-09,MANHATTAN,FROZEN-D-H5-1-20260906
2013,J90,1991,EXTERNAL,-0.4330304439717995,-0.508,0.075,5,4,,H5-1-LOMO-MARGINAL,JPZ-1970-2025/CNZ-2000-2025,CR-2026-09,MANHATTAN,FROZEN-D-H5-1-20260906
2013,J90,1991,DEMOGRAPHY_LABOR,-0.4330304439717995,-0.4723,0.0393,5,4,,H5-1-LOMO-MARGINAL,JPZ-1970-2025/CNZ-2000-2025,CR-2026-09,MANHATTAN,FROZEN-D-H5-1-20260906
2014,J90,1992,GROWTH,-0.509778327866491,-0.4048,-0.105,5,4,,H5-1-LOMO-MARGINAL,JPZ-1970-2025/CNZ-2000-2025,CR-2026-09,MANHATTAN,FROZEN-D-H5-1-20260906
2014,J90,1992,INFLATION,-0.509778327866491,-0.5502,0.0404,5,4,,H5-1-LOMO-MARGINAL,JPZ-1970-2025/CNZ-2000-2025,CR-2026-09,MANHATTAN,FROZEN-D-H5-1-20260906
2014,J90,1992,MONEY_CREDIT,-0.509778327866491,-0.4316,-0.0782,5,4,,H5-1-LOMO-MARGINAL,JPZ-1970-2025/CNZ-2000-2025,CR-2026-09,MANHATTAN,FROZEN-D-H5-1-20260906
2014,J90,1992,EXTERNAL,-0.509778327866491,-0.6202,0.1104,5,4,,H5-1-LOMO-MARGINAL,JPZ-1970-2025/CNZ-2000-2025,CR-2026-09,MANHATTAN,FROZEN-D-H5-1-20260906
2014,J90,1992,DEMOGRAPHY_LABOR,-0.509778327866491,-0.5421,0.0323,5,4,,H5-1-LOMO-MARGINAL,JPZ-1970-2025/CNZ-2000-2025,CR-2026-09,MANHATTAN,FROZEN-D-H5-1-20260906
2015,OTHER,1999,GROWTH,-0.274422720913888,-0.1939,-0.0805,5,4,,H5-1-LOMO-MARGINAL,JPZ-1970-2025/CNZ-2000-2025,CR-2026-09,MANHATTAN,FROZEN-D-H5-1-20260906
2015,OTHER,1999,INFLATION,-0.274422720913888,-0.2513,-0.0231,5,4,,H5-1-LOMO-MARGINAL,JPZ-1970-2025/CNZ-2000-2025,CR-2026-09,MANHATTAN,FROZEN-D-H5-1-20260906
2015,OTHER,1999,MONEY_CREDIT,-0.274422720913888,-0.3316,0.0572,5,4,,H5-1-LOMO-MARGINAL,JPZ-1970-2025/CNZ-2000-2025,CR-2026-09,MANHATTAN,FROZEN-D-H5-1-20260906
2015,OTHER,1999,EXTERNAL,-0.274422720913888,-0.2826,0.0082,5,4,,H5-1-LOMO-MARGINAL,JPZ-1970-2025/CNZ-2000-2025,CR-2026-09,MANHATTAN,FROZEN-D-H5-1-20260906
2015,OTHER,1999,DEMOGRAPHY_LABOR,-0.274422720913888,-0.3128,0.0384,5,4,,H5-1-LOMO-MARGINAL,JPZ-1970-2025/CNZ-2000-2025,CR-2026-09,MANHATTAN,FROZEN-D-H5-1-20260906
2016,J90,1994,GROWTH,-0.4820404803064213,-0.4238,-0.0582,5,4,,H5-1-LOMO-MARGINAL,JPZ-1970-2025/CNZ-2000-2025,CR-2026-09,MANHATTAN,FROZEN-D-H5-1-20260906
2016,J90,1994,INFLATION,-0.4820404803064213,-0.548,0.066,5,4,,H5-1-LOMO-MARGINAL,JPZ-1970-2025/CNZ-2000-2025,CR-2026-09,MANHATTAN,FROZEN-D-H5-1-20260906
2016,J90,1994,MONEY_CREDIT,-0.4820404803064213,-0.5689,0.0869,5,4,,H5-1-LOMO-MARGINAL,JPZ-1970-2025/CNZ-2000-2025,CR-2026-09,MANHATTAN,FROZEN-D-H5-1-20260906
2016,J90,1994,EXTERNAL,-0.4820404803064213,-0.4793,-0.0027,5,4,,H5-1-LOMO-MARGINAL,JPZ-1970-2025/CNZ-2000-2025,CR-2026-09,MANHATTAN,FROZEN-D-H5-1-20260906
2016,J90,1994,DEMOGRAPHY_LABOR,-0.4820404803064213,-0.3902,-0.0918,5,4,,H5-1-LOMO-MARGINAL,JPZ-1970-2025/CNZ-2000-2025,CR-2026-09,MANHATTAN,FROZEN-D-H5-1-20260906
2017,J00,2003,GROWTH,-0.3518425219861089,-0.3046,-0.0472,5,4,,H5-1-LOMO-MARGINAL,JPZ-1970-2025/CNZ-2000-2025,CR-2026-09,MANHATTAN,FROZEN-D-H5-1-20260906
2017,J00,2003,INFLATION,-0.3518425219861089,-0.3247,-0.0271,5,4,,H5-1-LOMO-MARGINAL,JPZ-1970-2025/CNZ-2000-2025,CR-2026-09,MANHATTAN,FROZEN-D-H5-1-20260906
2017,J00,2003,MONEY_CREDIT,-0.3518425219861089,-0.384,0.0322,5,4,,H5-1-LOMO-MARGINAL,JPZ-1970-2025/CNZ-2000-2025,CR-2026-09,MANHATTAN,FROZEN-D-H5-1-20260906
2017,J00,2003,EXTERNAL,-0.3518425219861089,-0.3984,0.0466,5,4,,H5-1-LOMO-MARGINAL,JPZ-1970-2025/CNZ-2000-2025,CR-2026-09,MANHATTAN,FROZEN-D-H5-1-20260906
2017,J00,2003,DEMOGRAPHY_LABOR,-0.3518425219861089,-0.3475,-0.0043,5,4,,H5-1-LOMO-MARGINAL,JPZ-1970-2025/CNZ-2000-2025,CR-2026-09,MANHATTAN,FROZEN-D-H5-1-20260906
2018,J90,1993,GROWTH,-0.5526620869751717,-0.6446,0.0919,5,4,,H5-1-LOMO-MARGINAL,JPZ-1970-2025/CNZ-2000-2025,CR-2026-09,MANHATTAN,FROZEN-D-H5-1-20260906
2018,J90,1993,INFLATION,-0.5526620869751717,-0.6851,0.1324,5,4,,H5-1-LOMO-MARGINAL,JPZ-1970-2025/CNZ-2000-2025,CR-2026-09,MANHATTAN,FROZEN-D-H5-1-20260906
2018,J90,1993,MONEY_CREDIT,-0.5526620869751717,-0.6532,0.1005,5,4,,H5-1-LOMO-MARGINAL,JPZ-1970-2025/CNZ-2000-2025,CR-2026-09,MANHATTAN,FROZEN-D-H5-1-20260906
2018,J90,1993,EXTERNAL,-0.5526620869751717,-0.4659,-0.0868,5,4,,H5-1-LOMO-MARGINAL,JPZ-1970-2025/CNZ-2000-2025,CR-2026-09,MANHATTAN,FROZEN-D-H5-1-20260906
2018,J90,1993,DEMOGRAPHY_LABOR,-0.5526620869751717,-0.3145,-0.2382,5,4,,H5-1-LOMO-MARGINAL,JPZ-1970-2025/CNZ-2000-2025,CR-2026-09,MANHATTAN,FROZEN-D-H5-1-20260906
2019,J90,1993,GROWTH,-0.374057420956787,-0.3936,0.0195,5,4,,H5-1-LOMO-MARGINAL,JPZ-1970-2025/CNZ-2000-2025,CR-2026-09,MANHATTAN,FROZEN-D-H5-1-20260906
2019,J90,1993,INFLATION,-0.374057420956787,-0.3384,-0.0357,5,4,,H5-1-LOMO-MARGINAL,JPZ-1970-2025/CNZ-2000-2025,CR-2026-09,MANHATTAN,FROZEN-D-H5-1-20260906
2019,J90,1993,MONEY_CREDIT,-0.374057420956787,-0.4595,0.0854,5,4,,H5-1-LOMO-MARGINAL,JPZ-1970-2025/CNZ-2000-2025,CR-2026-09,MANHATTAN,FROZEN-D-H5-1-20260906
2019,J90,1993,EXTERNAL,-0.374057420956787,-0.2886,-0.0855,5,4,,H5-1-LOMO-MARGINAL,JPZ-1970-2025/CNZ-2000-2025,CR-2026-09,MANHATTAN,FROZEN-D-H5-1-20260906
2019,J90,1993,DEMOGRAPHY_LABOR,-0.374057420956787,-0.3901,0.016,5,4,,H5-1-LOMO-MARGINAL,JPZ-1970-2025/CNZ-2000-2025,CR-2026-09,MANHATTAN,FROZEN-D-H5-1-20260906
2020,J90,1993,GROWTH,-0.753902182635666,-0.7327,-0.0212,5,4,,H5-1-LOMO-MARGINAL,JPZ-1970-2025/CNZ-2000-2025,CR-2026-09,MANHATTAN,FROZEN-D-H5-1-20260906
2020,J90,1993,INFLATION,-0.753902182635666,-0.8807,0.1268,5,4,,H5-1-LOMO-MARGINAL,JPZ-1970-2025/CNZ-2000-2025,CR-2026-09,MANHATTAN,FROZEN-D-H5-1-20260906
2020,J90,1993,MONEY_CREDIT,-0.753902182635666,-0.8815,0.1276,5,4,,H5-1-LOMO-MARGINAL,JPZ-1970-2025/CNZ-2000-2025,CR-2026-09,MANHATTAN,FROZEN-D-H5-1-20260906
2020,J90,1993,EXTERNAL,-0.753902182635666,-0.7853,0.0314,5,4,,H5-1-LOMO-MARGINAL,JPZ-1970-2025/CNZ-2000-2025,CR-2026-09,MANHATTAN,FROZEN-D-H5-1-20260906
2020,J90,1993,DEMOGRAPHY_LABOR,-0.753902182635666,-0.4893,-0.2646,5,4,,H5-1-LOMO-MARGINAL,JPZ-1970-2025/CNZ-2000-2025,CR-2026-09,MANHATTAN,FROZEN-D-H5-1-20260906
2021,J00,2005,GROWTH,-0.3521015126405687,-0.3699,0.0178,5,4,,H5-1-LOMO-MARGINAL,JPZ-1970-2025/CNZ-2000-2025,CR-2026-09,MANHATTAN,FROZEN-D-H5-1-20260906
2021,J00,2005,INFLATION,-0.3521015126405687,-0.4345,0.0824,5,4,,H5-1-LOMO-MARGINAL,JPZ-1970-2025/CNZ-2000-2025,CR-2026-09,MANHATTAN,FROZEN-D-H5-1-20260906
2021,J00,2005,MONEY_CREDIT,-0.3521015126405687,-0.3817,0.0296,5,4,,H5-1-LOMO-MARGINAL,JPZ-1970-2025/CNZ-2000-2025,CR-2026-09,MANHATTAN,FROZEN-D-H5-1-20260906
2021,J00,2005,EXTERNAL,-0.3521015126405687,-0.2436,-0.1085,5,4,,H5-1-LOMO-MARGINAL,JPZ-1970-2025/CNZ-2000-2025,CR-2026-09,MANHATTAN,FROZEN-D-H5-1-20260906
2021,J00,2005,DEMOGRAPHY_LABOR,-0.3521015126405687,-0.3307,-0.0214,5,4,,H5-1-LOMO-MARGINAL,JPZ-1970-2025/CNZ-2000-2025,CR-2026-09,MANHATTAN,FROZEN-D-H5-1-20260906
2022,J90,1995,GROWTH,-0.5907445064346935,-0.4591,-0.1316,5,4,,H5-1-LOMO-MARGINAL,JPZ-1970-2025/CNZ-2000-2025,CR-2026-09,MANHATTAN,FROZEN-D-H5-1-20260906
2022,J90,1995,INFLATION,-0.5907445064346935,-0.5771,-0.0136,5,4,,H5-1-LOMO-MARGINAL,JPZ-1970-2025/CNZ-2000-2025,CR-2026-09,MANHATTAN,FROZEN-D-H5-1-20260906
2022,J90,1995,MONEY_CREDIT,-0.5907445064346935,-0.7108,0.1201,5,4,,H5-1-LOMO-MARGINAL,JPZ-1970-2025/CNZ-2000-2025,CR-2026-09,MANHATTAN,FROZEN-D-H5-1-20260906
2022,J90,1995,EXTERNAL,-0.5907445064346935,-0.6244,0.0337,5,4,,H5-1-LOMO-MARGINAL,JPZ-1970-2025/CNZ-2000-2025,CR-2026-09,MANHATTAN,FROZEN-D-H5-1-20260906
2022,J90,1995,DEMOGRAPHY_LABOR,-0.5907445064346935,-0.5824,-0.0083,5,4,,H5-1-LOMO-MARGINAL,JPZ-1970-2025/CNZ-2000-2025,CR-2026-09,MANHATTAN,FROZEN-D-H5-1-20260906
2023,J00,2011,GROWTH,-0.4474785831315627,-0.4774,0.0299,5,4,,H5-1-LOMO-MARGINAL,JPZ-1970-2025/CNZ-2000-2025,CR-2026-09,MANHATTAN,FROZEN-D-H5-1-20260906
2023,J00,2011,INFLATION,-0.4474785831315627,-0.4413,-0.0062,5,4,,H5-1-LOMO-MARGINAL,JPZ-1970-2025/CNZ-2000-2025,CR-2026-09,MANHATTAN,FROZEN-D-H5-1-20260906
2023,J00,2011,MONEY_CREDIT,-0.4474785831315627,-0.4538,0.0063,5,4,,H5-1-LOMO-MARGINAL,JPZ-1970-2025/CNZ-2000-2025,CR-2026-09,MANHATTAN,FROZEN-D-H5-1-20260906
2023,J00,2011,EXTERNAL,-0.4474785831315627,-0.5346,0.0871,5,4,,H5-1-LOMO-MARGINAL,JPZ-1970-2025/CNZ-2000-2025,CR-2026-09,MANHATTAN,FROZEN-D-H5-1-20260906
2023,J00,2011,DEMOGRAPHY_LABOR,-0.4474785831315627,-0.3302,-0.1173,5,4,,H5-1-LOMO-MARGINAL,JPZ-1970-2025/CNZ-2000-2025,CR-2026-09,MANHATTAN,FROZEN-D-H5-1-20260906
2024,OTHER,2002,GROWTH,-0.7416387509696982,-0.7099,-0.0317,5,4,,H5-1-LOMO-MARGINAL,JPZ-1970-2025/CNZ-2000-2025,CR-2026-09,MANHATTAN,FROZEN-D-H5-1-20260906
2024,OTHER,2002,INFLATION,-0.7416387509696982,-0.8929,0.1513,5,4,,H5-1-LOMO-MARGINAL,JPZ-1970-2025/CNZ-2000-2025,CR-2026-09,MANHATTAN,FROZEN-D-H5-1-20260906
2024,OTHER,2002,MONEY_CREDIT,-0.7416387509696982,-0.6534,-0.0882,5,4,,H5-1-LOMO-MARGINAL,JPZ-1970-2025/CNZ-2000-2025,CR-2026-09,MANHATTAN,FROZEN-D-H5-1-20260906
2024,OTHER,2002,EXTERNAL,-0.7416387509696982,-0.8693,0.1277,5,4,,H5-1-LOMO-MARGINAL,JPZ-1970-2025/CNZ-2000-2025,CR-2026-09,MANHATTAN,FROZEN-D-H5-1-20260906
2024,OTHER,2002,DEMOGRAPHY_LABOR,-0.7416387509696982,-0.5828,-0.1588,5,4,,H5-1-LOMO-MARGINAL,JPZ-1970-2025/CNZ-2000-2025,CR-2026-09,MANHATTAN,FROZEN-D-H5-1-20260906
2025,J00,2003,GROWTH,-0.7301115818841619,-0.6409,-0.0892,5,4,,H5-1-LOMO-MARGINAL,JPZ-1970-2025/CNZ-2000-2025,CR-2026-09,MANHATTAN,FROZEN-D-H5-1-20260906
2025,J00,2003,INFLATION,-0.7301115818841619,-0.758,0.0279,5,4,,H5-1-LOMO-MARGINAL,JPZ-1970-2025/CNZ-2000-2025,CR-2026-09,MANHATTAN,FROZEN-D-H5-1-20260906
2025,J00,2003,MONEY_CREDIT,-0.7301115818841619,-0.8716,0.1415,5,4,,H5-1-LOMO-MARGINAL,JPZ-1970-2025/CNZ-2000-2025,CR-2026-09,MANHATTAN,FROZEN-D-H5-1-20260906
2025,J00,2003,EXTERNAL,-0.7301115818841619,-0.8318,0.1017,5,4,,H5-1-LOMO-MARGINAL,JPZ-1970-2025/CNZ-2000-2025,CR-2026-09,MANHATTAN,FROZEN-D-H5-1-20260906
2025,J00,2003,DEMOGRAPHY_LABOR,-0.7301115818841619,-0.5483,-0.1818,5,4,,H5-1-LOMO-MARGINAL,JPZ-1970-2025/CNZ-2000-2025,CR-2026-09,MANHATTAN,FROZEN-D-H5-1-20260906
