variable_id,country,module,concept,preferred_freq,fallback_freq,target_start,actual_start,official_provider,source_url,format,machine_readable,definition_breaks,vintage_status,comparison_role,priority,status,estimated_cost,note
jp.hist.real_gdp_yoy,JP,GROWTH,Real GDP YoY (68SNA segment),Q,Y,1970,1955Q1,ESRI/Cabinet Office,https://www.esri.cao.go.jp/jp/sna/data/data_list/sokuhou/files/2001/qe011/gdemenuja.html,CSV,TRUE,68SNA/1990基准→93SNA→08SNA (勿level concat),RETROSPECTIVE_HISTORICAL,CORE_COMPARABLE,P0,GREEN,低,正式系列1955Q1-1979Q4+参考系列1980Q1-2001Q1; growth-only使用; 2026-09-06页面实证
jp.hist.nominal_gdp_yoy,JP,GROWTH,Nominal GDP YoY (68SNA segment),Q,Y,1970,1955Q1,ESRI/Cabinet Office,https://www.esri.cao.go.jp/jp/sna/data/data_list/sokuhou/files/2001/qe011/gdemenuja.html,CSV,TRUE,68SNA/1990基准→93SNA→08SNA (勿level concat),RETROSPECTIVE_HISTORICAL,CORE_COMPARABLE,P0,GREEN,低,与real_gdp同源同名CSV(gaku_mg01168_1.csv等)
jp.hist.investment_gdp,JP,GROWTH,Private investment / GDP share,Y,Q,1970,1955Q1,ESRI/Cabinet Office,https://www.esri.cao.go.jp/jp/sna/data/data_list/sokuhou/files/2001/qe011/gdemenuja.html,CSV,TRUE,68SNA/1990基准→93SNA→08SNA (分子分母同regime),RETROSPECTIVE_HISTORICAL,CORE_COMPARABLE,P0,GREEN,低,QE demand-side有民间设备投资/住宅; 或ESRI 1998年报1970+结构表
jp.hist.iip_yoy,JP,GROWTH,Industrial Production YoY,M,Y,1970,1978-01,METI,https://www.meti.go.jp/english/statistics/tyo/iip/b2020_result-2.html,XLSX,TRUE,2020base previous data连接至1978-01; 1970-77无官方月频连接(用GDP/制造产出annual代替),RETROSPECTIVE_HISTORICAL,CORE_COMPARABLE,P1,AMBER,低,官方connected previous data (Jan 1978-Dec 2022); 2026-09-06页面实证; 1970-77段不强求月频
jp.hist.corp_profit_yoy,JP,GROWTH,Corporate ordinary profit YoY (all industries excl fin),Q,Y,1970,1954Q2,MOF PRI,https://www.mof.go.jp/english/pri/reference/ssc/historical.htm,XLS,TRUE,法人企業統計調査改定/规模样本口径; All excl fin为P0主口径,RETROSPECTIVE_HISTORICAL,CORE_COMPARABLE,P0,GREEN,低-中,historical.xls含income statement(ordinary profit); 2026-09-06页面实证
jp.hist.cpi_yoy,JP,INFLATION,CPI all items YoY,Y,M,1970,1970,Statistics Bureau,https://www.stat.go.jp/data/cpi/sokuhou/nen/index-z.html,XLSX/e-Stat,TRUE,基准改定(2020/2015/...)逐次; 官方提供1970+连续年均长表(指数=base-linked?),RETROSPECTIVE_HISTORICAL,CORE_COMPARABLE,P0,GREEN,低,全国年平均1970年~官方页面实证(e-Stat 00200573/tstat=000001150147); YoY为主不用level
jp.hist.gdp_deflator_yoy,JP,INFLATION,GDP deflator YoY,Y,Q,1970,1955,ESRI/Cabinet Office,https://www.esri.cao.go.jp/jp/sna/data/data_list/sokuhou/files/2001/qe011/gdemenuja.html,CSV,TRUE,同GDP SNA regime,RETROSPECTIVE_HISTORICAL,SUPPORT_COMPARABLE,P1,GREEN,低,deflator CSV随68SNA段提供
jp.hist.m2_yoy,JP,MONEY_CREDIT,M2 growth (within definition regime),M,Y,1970,1955-01,BOJ,https://www.boj.or.jp/en/statistics/money/ms/index.htm,CSV/API,TRUE,"M2 OLD(1955-1998)/REF(1998-2003)/CURRENT(2003+)三段; 禁level concat, regime内YoY后拼接",RETROSPECTIVE_HISTORICAL,CORE_COMPARABLE,P0,GREEN,低,项目已持M2_OLD_EOP 1955-01起531月(FROZEN); BOJ API 2026-02起可降低复核成本
jp.hist.policy_rate,JP,MONEY_CREDIT,Official Discount Rate (basic discount/loan rate),M,Event,1970,1955-08-10,BOJ,https://www.boj.or.jp/en/statistics/boj/other/discount/,CSV,TRUE,1995-09后长期零利率/2001更名basic rate; 事件日转月末(勿月均); 1970-1994覆盖完整,RETROSPECTIVE_HISTORICAL,CORE_COMPARABLE,P0,GREEN,低,官方CSV四段2026-09-06实测: cdab0040(1955-68)/cdab0050(1969-72)/cdab0100(1972-95)/cdab0101(2001+); SJIS编码
jp.hist.jgb10y,JP,MONEY_CREDIT,JGB 10Y yield (constant-maturity),M,D,1974,1974-09,MOF,https://www.mof.go.jp/jgbs/reference/interest_rate/index.htm,CSV,TRUE,1974-09-24~1998-11-30 TSE收盘/特quotation; 1998-12~2002-07 JSDA报价; 1970-1974无官方constant-maturity,RETROSPECTIVE_HISTORICAL,CORE_COMPARABLE,P1,GREEN,低,官方jgbcm_all.csv 1974年~页面实证; 1970-74初期用policy/prime代替
jp.hist.corp_leverage,JP,MONEY_CREDIT,"Corporate leverage (liabilities/assets, all excl fin)",Q,Y,1970,1954Q2,MOF PRI,https://www.mof.go.jp/english/pri/reference/ssc/historical.htm,XLS,TRUE,同corp_profit; 注意sample改定,RETROSPECTIVE_HISTORICAL,CORE_COMPARABLE,P0,GREEN,低-中,liabilities/assets同源historical.xls
jp.hist.credit_gdp,JP,MONEY_CREDIT,Total credit to private non-fin sector / GDP,Q,Y,1970,1964Q4,BIS (via FRED),https://fred.stlouisfed.org/series/CRDQJPAPABIS,CSV,TRUE,BIS credit statistics口径; 与国内信贷统计有别,RETROSPECTIVE_HISTORICAL,SUPPORT_COMPARABLE,P1,AMBER,低,JP0实证CRDQJPAPABIS 1964Q4起100%; 项目未采(JP1未用); 作为bank credit第二阶段候选; 勿与JP1.5 credit混
jp.hist.export_yoy,JP,EXTERNAL,"Exports YoY (yen, total)",Y,M,1970,1950,Japan Customs (MOF),https://www.customs.go.jp/toukei/suii/html/nenbet_e.htm,HTML/CSV,TRUE,"无重大断点(1950-2024连续, 千日元固定base); 2026年度可能修订",RETROSPECTIVE_HISTORICAL,CORE_COMPARABLE,P0,GREEN,低,1950年起年度表2026-09-06实证(1950-2024完整); FRED镜像XTEXVA01 1955+已持
jp.hist.trade_balance_gdp,JP,EXTERNAL,Trade balance / nominal GDP,Y,Q,1970,1950,Japan Customs + ESRI,https://www.customs.go.jp/toukei/suii/html/nenbet_e.htm,derived,TRUE,需export+import同口径与GDP同regime,RETROSPECTIVE_HISTORICAL,CORE_COMPARABLE,P0,GREEN,低,分子Customs年度、分母ESRI GDP; 或直接FRED NETTRADE_SA 1955+已持
jp.hist.fx_usdjpy,JP,EXTERNAL,USDJPY change / regime,M,D,1970,1957-01(月均)/1971(日),FRED (Fed),https://fred.stlouisfed.org/series/CCUSMA02JPM618N,CSV,TRUE,1971-08尼克松冲击/1973-02浮动转型: 固定汇率段无汇率变动含义(EVENT_ONLY或EXCL固定段),RETROSPECTIVE_HISTORICAL,SUPPORT_COMPARABLE,P0,GREEN,低,JP0实证CCUSMA02JPM618N 1957+月均835月100%; USDJPY_DAILY 1971+已持; 汇率非绝对可比
jp.hist.reer,JP,EXTERNAL,Real effective exchange rate (narrow),M,Y,1970,1964-01,BIS (via FRED),https://fred.stlouisfed.org/series/RNJPBIS,CSV,TRUE,BIS窄/宽口径; 指数基期2020=100,RETROSPECTIVE_HISTORICAL,SUPPORT_COMPARABLE,P1,GREEN,低,JP0实证RNJPBIS 1964+月均100%
jp.hist.land_price_yoy,JP,PROPERTY_ASSET,Urban land price YoY (national/major 6 cities),Y,H,1970,1970 (MLIT公示地価; JREI 1959+ 作cross-check),MLIT (公示地価 canonical) + JREI (cross-check),https://www.mlit.go.jp/totikensangyo/totikensangyo_fr4_000043.html ; https://www.reinet.or.jp/visitors-report.html,Excel(公式変動率/平均価格時系列表)+GIS(1983+) | JREI PDF,TRUE(MLIT) / 部分(JREI PDF),MLIT公示地価1970+法定定义稳定(评估额非成交); JREI 1936勧銀→1959JREI承接; 两套勿拼接,RETROSPECTIVE_HISTORICAL,CORE_COMPARABLE,P0,GREEN,低-中,"H0.7定案: MLIT公示地価=canonical(官方/Excel直下/许可自由/定义稳定), JREI=1959+cross-check(历史长但公开PDF+会员制+民间许可); 平均価格・変動率官方Excel 2026-09-06实证"
jp.hist.nikkei_return,JP,PROPERTY_ASSET,Nikkei 225 annual/3y return,M,Y,1970,1949-05-16,Nikkei (via FRED),https://fred.stlouisfed.org/series/NIKKEI225,CSV,TRUE,日次价格指数; 非TRI(勿当canonical total-return); 早期段EARLY_HISTORY_APPROX,RETROSPECTIVE_HISTORICAL,CORE_COMPARABLE,P0,GREEN,低,JP0实证NIKKEI225 1949-05-16起20170行; 项目已持日次全史; return/drawdown层
jp.hist.working_age_growth,JP,DEMOGRAPHY_LABOR,Working-age (15-64) population growth / share,Y,Q,1970,1920,Statistics Bureau,https://www.stat.go.jp/english/data/nenkan/75nenkan/1431-02.html,XLSX,TRUE,普查年(5年)与推算年度衔接; 年龄口径15-64,RETROSPECTIVE_HISTORICAL,CORE_COMPARABLE,P0,GREEN,低,人口1920+官方; 年龄结构表每年; 待H1确认机器可读excel布局
jp.hist.unemployment,JP,DEMOGRAPHY_LABOR,Unemployment rate,M,Y,1970,1953(官方)/1955(FRED),Statistics Bureau (Labour Force Survey),https://www.stat.go.jp/data/roudou/longtime/03roudou.html,e-Stat,TRUE,労働力調査方法改定(1968/2002等)与集計変更→最新可比系列; retrospective可用,RETROSPECTIVE_HISTORICAL,CORE_COMPARABLE,P0,GREEN,低,官方长期1953+; 项目已持FRED LRUNTTTT 1955+858月; e-Stat页面实证
jp.hist.wage_yoy,JP,DEMOGRAPHY_LABOR,Nominal wage growth (manufacturing / private),M,Y,1970,1954(毎月勤労統計)/1955(FRED),MHLW,https://www.mhlw.go.jp/toukei/list/30-1k.html,e-Stat,TRUE,2019毎月勤労統計サンプル改定衔接; 过去修订到最新可比系列,RETROSPECTIVE_HISTORICAL,CORE_COMPARABLE,P1,AMBER,中,项目已持FRED WAGE_MFG 1955+856月(制造业时薪)/WAGE_PRIVATE 1970+; 官方源H1再核
jp.hist.dependency_ratio,JP,DEMOGRAPHY_LABOR,Old-age dependency ratio,Y,Q,1970,1920,Statistics Bureau,https://www.stat.go.jp/english/data/nenkan/75nenkan/1431-02.html,XLSX,TRUE,同working_age(人口年龄结构派生),RETROSPECTIVE_HISTORICAL,SUPPORT_COMPARABLE,P1,GREEN,低,年龄结构派生
jp.hist.corp_land_share,JP,MONEY_CREDIT,Corporate land asset share (land/assets),Q,Y,1970,1954Q2,MOF PRI,https://www.mof.go.jp/english/pri/reference/ssc/historical.htm,XLS,TRUE,同corp_profit(All excl fin); 土地科目现于assets sheet item13,RETROSPECTIVE_HISTORICAL,JP_EXPLANATORY,P0,GREEN,低-中,"解释用(企业囤地→泡沫), 不进CN-JP similarity; CN无企业土地市值科目=CN_GAP_STRUCTURAL"
jp.hist.tfr,JP,DEMOGRAPHY_LABOR,Total fertility rate,Y,,1970,1947,MHLW 人口動態統計 (via e-Stat/IPSS),https://www.e-stat.go.jp/stat-search/database?page=1&toukei=00450011&tstat=000001028897&cycle=7&tclass=000001041645,XLSX/API,TRUE,人口動態調査確定数 1947+; 1947-1972不含沖縄; 女性15-49歳,RETROSPECTIVE_HISTORICAL,SUPPORT_COMPARABLE,P1,GREEN,低,"IPSS长表1947-2004+ e-Stat確定数至最新, 2026-09-06双源可达实证; CN官方无年度TFR→crosswalk层该概念eligible=FALSE(普查锚点级)"
jp.hist.birth_rate,JP,DEMOGRAPHY_LABOR,Crude birth rate (per 1000),Y,,1970,1947,MHLW 人口動態統計 (via e-Stat),https://www.e-stat.go.jp/stat-search/database?page=1&toukei=00450011&tstat=000001028897&cycle=7&tclass=000001041645,XLSX/API,TRUE,人口動態調査確定数 1947+; 普通出生率人口千対,RETROSPECTIVE_HISTORICAL,CORE_COMPARABLE,P1,GREEN,低,"CN统计年鉴出生率1949+官方年度——两国年度齐全, 真可比变量; 与CN CBR同列crosswalk"
jp.hist.youth_dependency,JP,DEMOGRAPHY_LABOR,Youth dependency ratio (0-14 / 15-64),Y,,1970,1920,Statistics Bureau 国勢調査/人口推計,https://www.stat.go.jp/english/data/nenkan/75nenkan/1431-02.html,XLSX,TRUE,普查年精确+年度推計; 0-14/15-64定义,RETROSPECTIVE_HISTORICAL,CORE_COMPARABLE,P1,GREEN,低,与existing dependency_ratio(老年抚养)互补成抚养比双侧; 1920+
