quarter,value,source_note
1954-Q2,0.026949,MOF income ordinary profits/sales Q 1954Q2-2026Q1
1954-Q3,0.019018,MOF income ordinary profits/sales Q 1954Q2-2026Q1
1954-Q4,0.021626,MOF income ordinary profits/sales Q 1954Q2-2026Q1
1955-Q1,0.023482,MOF income ordinary profits/sales Q 1954Q2-2026Q1
1955-Q2,0.030338,MOF income ordinary profits/sales Q 1954Q2-2026Q1
1955-Q3,0.026379,MOF income ordinary profits/sales Q 1954Q2-2026Q1
1955-Q4,0.032665,MOF income ordinary profits/sales Q 1954Q2-2026Q1
1956-Q1,0.029153,MOF income ordinary profits/sales Q 1954Q2-2026Q1
1956-Q2,0.039752,MOF income ordinary profits/sales Q 1954Q2-2026Q1
1956-Q3,0.030203,MOF income ordinary profits/sales Q 1954Q2-2026Q1
1956-Q4,0.037929,MOF income ordinary profits/sales Q 1954Q2-2026Q1
1957-Q1,0.031093,MOF income ordinary profits/sales Q 1954Q2-2026Q1
1957-Q2,0.041359,MOF income ordinary profits/sales Q 1954Q2-2026Q1
1957-Q3,0.025476,MOF income ordinary profits/sales Q 1954Q2-2026Q1
1957-Q4,0.027703,MOF income ordinary profits/sales Q 1954Q2-2026Q1
1958-Q1,0.02319,MOF income ordinary profits/sales Q 1954Q2-2026Q1
1958-Q2,0.025072,MOF income ordinary profits/sales Q 1954Q2-2026Q1
1958-Q3,0.021423,MOF income ordinary profits/sales Q 1954Q2-2026Q1
1958-Q4,0.026917,MOF income ordinary profits/sales Q 1954Q2-2026Q1
1959-Q1,0.030652,MOF income ordinary profits/sales Q 1954Q2-2026Q1
1959-Q2,0.037963,MOF income ordinary profits/sales Q 1954Q2-2026Q1
1959-Q3,0.03091,MOF income ordinary profits/sales Q 1954Q2-2026Q1
1959-Q4,0.039121,MOF income ordinary profits/sales Q 1954Q2-2026Q1
1960-Q1,0.036759,MOF income ordinary profits/sales Q 1954Q2-2026Q1
1960-Q2,0.041669,MOF income ordinary profits/sales Q 1954Q2-2026Q1
1960-Q3,0.034918,MOF income ordinary profits/sales Q 1954Q2-2026Q1
1960-Q4,0.040353,MOF income ordinary profits/sales Q 1954Q2-2026Q1
1961-Q1,0.03586,MOF income ordinary profits/sales Q 1954Q2-2026Q1
1961-Q2,0.040162,MOF income ordinary profits/sales Q 1954Q2-2026Q1
1961-Q3,0.033523,MOF income ordinary profits/sales Q 1954Q2-2026Q1
1961-Q4,0.03494,MOF income ordinary profits/sales Q 1954Q2-2026Q1
1962-Q1,0.033206,MOF income ordinary profits/sales Q 1954Q2-2026Q1
1962-Q2,0.034935,MOF income ordinary profits/sales Q 1954Q2-2026Q1
1962-Q3,0.029844,MOF income ordinary profits/sales Q 1954Q2-2026Q1
1962-Q4,0.029486,MOF income ordinary profits/sales Q 1954Q2-2026Q1
1963-Q1,0.03355,MOF income ordinary profits/sales Q 1954Q2-2026Q1
1963-Q2,0.03554,MOF income ordinary profits/sales Q 1954Q2-2026Q1
1963-Q3,0.030868,MOF income ordinary profits/sales Q 1954Q2-2026Q1
1963-Q4,0.032434,MOF income ordinary profits/sales Q 1954Q2-2026Q1
1964-Q1,0.030503,MOF income ordinary profits/sales Q 1954Q2-2026Q1
1964-Q2,0.032471,MOF income ordinary profits/sales Q 1954Q2-2026Q1
1964-Q3,0.027481,MOF income ordinary profits/sales Q 1954Q2-2026Q1
1964-Q4,0.027444,MOF income ordinary profits/sales Q 1954Q2-2026Q1
1965-Q1,0.027899,MOF income ordinary profits/sales Q 1954Q2-2026Q1
1965-Q2,0.026631,MOF income ordinary profits/sales Q 1954Q2-2026Q1
1965-Q3,0.021038,MOF income ordinary profits/sales Q 1954Q2-2026Q1
1965-Q4,0.023377,MOF income ordinary profits/sales Q 1954Q2-2026Q1
1966-Q1,0.027353,MOF income ordinary profits/sales Q 1954Q2-2026Q1
1966-Q2,0.032806,MOF income ordinary profits/sales Q 1954Q2-2026Q1
1966-Q3,0.026914,MOF income ordinary profits/sales Q 1954Q2-2026Q1
1966-Q4,0.032036,MOF income ordinary profits/sales Q 1954Q2-2026Q1
1967-Q1,0.030632,MOF income ordinary profits/sales Q 1954Q2-2026Q1
1967-Q2,0.036829,MOF income ordinary profits/sales Q 1954Q2-2026Q1
1967-Q3,0.031873,MOF income ordinary profits/sales Q 1954Q2-2026Q1
1967-Q4,0.033081,MOF income ordinary profits/sales Q 1954Q2-2026Q1
1968-Q1,0.031809,MOF income ordinary profits/sales Q 1954Q2-2026Q1
1968-Q2,0.037344,MOF income ordinary profits/sales Q 1954Q2-2026Q1
1968-Q3,0.032171,MOF income ordinary profits/sales Q 1954Q2-2026Q1
1968-Q4,0.033826,MOF income ordinary profits/sales Q 1954Q2-2026Q1
1969-Q1,0.033203,MOF income ordinary profits/sales Q 1954Q2-2026Q1
1969-Q2,0.040399,MOF income ordinary profits/sales Q 1954Q2-2026Q1
1969-Q3,0.034203,MOF income ordinary profits/sales Q 1954Q2-2026Q1
1969-Q4,0.03623,MOF income ordinary profits/sales Q 1954Q2-2026Q1
1970-Q1,0.035519,MOF income ordinary profits/sales Q 1954Q2-2026Q1
1970-Q2,0.039209,MOF income ordinary profits/sales Q 1954Q2-2026Q1
1970-Q3,0.032347,MOF income ordinary profits/sales Q 1954Q2-2026Q1
1970-Q4,0.02975,MOF income ordinary profits/sales Q 1954Q2-2026Q1
1971-Q1,0.026745,MOF income ordinary profits/sales Q 1954Q2-2026Q1
1971-Q2,0.030658,MOF income ordinary profits/sales Q 1954Q2-2026Q1
1971-Q3,0.022371,MOF income ordinary profits/sales Q 1954Q2-2026Q1
1971-Q4,0.023904,MOF income ordinary profits/sales Q 1954Q2-2026Q1
1972-Q1,0.026396,MOF income ordinary profits/sales Q 1954Q2-2026Q1
1972-Q2,0.030544,MOF income ordinary profits/sales Q 1954Q2-2026Q1
1972-Q3,0.027206,MOF income ordinary profits/sales Q 1954Q2-2026Q1
1972-Q4,0.031911,MOF income ordinary profits/sales Q 1954Q2-2026Q1
1973-Q1,0.038404,MOF income ordinary profits/sales Q 1954Q2-2026Q1
1973-Q2,0.04261,MOF income ordinary profits/sales Q 1954Q2-2026Q1
1973-Q3,0.035365,MOF income ordinary profits/sales Q 1954Q2-2026Q1
1973-Q4,0.036313,MOF income ordinary profits/sales Q 1954Q2-2026Q1
1974-Q1,0.033869,MOF income ordinary profits/sales Q 1954Q2-2026Q1
1974-Q2,0.026314,MOF income ordinary profits/sales Q 1954Q2-2026Q1
1974-Q3,0.0175,MOF income ordinary profits/sales Q 1954Q2-2026Q1
1974-Q4,0.011166,MOF income ordinary profits/sales Q 1954Q2-2026Q1
1975-Q1,0.011513,MOF income ordinary profits/sales Q 1954Q2-2026Q1
1975-Q2,0.016344,MOF income ordinary profits/sales Q 1954Q2-2026Q1
1975-Q3,0.013249,MOF income ordinary profits/sales Q 1954Q2-2026Q1
1975-Q4,0.014229,MOF income ordinary profits/sales Q 1954Q2-2026Q1
1976-Q1,0.020077,MOF income ordinary profits/sales Q 1954Q2-2026Q1
1976-Q2,0.023619,MOF income ordinary profits/sales Q 1954Q2-2026Q1
1976-Q3,0.020158,MOF income ordinary profits/sales Q 1954Q2-2026Q1
1976-Q4,0.019287,MOF income ordinary profits/sales Q 1954Q2-2026Q1
1977-Q1,0.020764,MOF income ordinary profits/sales Q 1954Q2-2026Q1
1977-Q2,0.024027,MOF income ordinary profits/sales Q 1954Q2-2026Q1
1977-Q3,0.018672,MOF income ordinary profits/sales Q 1954Q2-2026Q1
1977-Q4,0.020553,MOF income ordinary profits/sales Q 1954Q2-2026Q1
1978-Q1,0.025679,MOF income ordinary profits/sales Q 1954Q2-2026Q1
1978-Q2,0.028837,MOF income ordinary profits/sales Q 1954Q2-2026Q1
1978-Q3,0.024003,MOF income ordinary profits/sales Q 1954Q2-2026Q1
1978-Q4,0.027464,MOF income ordinary profits/sales Q 1954Q2-2026Q1
1979-Q1,0.029049,MOF income ordinary profits/sales Q 1954Q2-2026Q1
1979-Q2,0.036091,MOF income ordinary profits/sales Q 1954Q2-2026Q1
1979-Q3,0.027777,MOF income ordinary profits/sales Q 1954Q2-2026Q1
1979-Q4,0.02831,MOF income ordinary profits/sales Q 1954Q2-2026Q1
1980-Q1,0.029212,MOF income ordinary profits/sales Q 1954Q2-2026Q1
1980-Q2,0.033552,MOF income ordinary profits/sales Q 1954Q2-2026Q1
1980-Q3,0.023313,MOF income ordinary profits/sales Q 1954Q2-2026Q1
1980-Q4,0.024783,MOF income ordinary profits/sales Q 1954Q2-2026Q1
1981-Q1,0.025012,MOF income ordinary profits/sales Q 1954Q2-2026Q1
1981-Q2,0.026145,MOF income ordinary profits/sales Q 1954Q2-2026Q1
1981-Q3,0.019121,MOF income ordinary profits/sales Q 1954Q2-2026Q1
1981-Q4,0.024529,MOF income ordinary profits/sales Q 1954Q2-2026Q1
1982-Q1,0.024632,MOF income ordinary profits/sales Q 1954Q2-2026Q1
1982-Q2,0.024975,MOF income ordinary profits/sales Q 1954Q2-2026Q1
1982-Q3,0.017342,MOF income ordinary profits/sales Q 1954Q2-2026Q1
1982-Q4,0.020865,MOF income ordinary profits/sales Q 1954Q2-2026Q1
1983-Q1,0.023873,MOF income ordinary profits/sales Q 1954Q2-2026Q1
1983-Q2,0.025145,MOF income ordinary profits/sales Q 1954Q2-2026Q1
1983-Q3,0.020296,MOF income ordinary profits/sales Q 1954Q2-2026Q1
1983-Q4,0.025574,MOF income ordinary profits/sales Q 1954Q2-2026Q1
1984-Q1,0.027141,MOF income ordinary profits/sales Q 1954Q2-2026Q1
1984-Q2,0.028801,MOF income ordinary profits/sales Q 1954Q2-2026Q1
1984-Q3,0.021968,MOF income ordinary profits/sales Q 1954Q2-2026Q1
1984-Q4,0.026432,MOF income ordinary profits/sales Q 1954Q2-2026Q1
1985-Q1,0.026471,MOF income ordinary profits/sales Q 1954Q2-2026Q1
1985-Q2,0.029947,MOF income ordinary profits/sales Q 1954Q2-2026Q1
1985-Q3,0.021209,MOF income ordinary profits/sales Q 1954Q2-2026Q1
1985-Q4,0.024754,MOF income ordinary profits/sales Q 1954Q2-2026Q1
1986-Q1,0.02377,MOF income ordinary profits/sales Q 1954Q2-2026Q1
1986-Q2,0.028151,MOF income ordinary profits/sales Q 1954Q2-2026Q1
1986-Q3,0.022029,MOF income ordinary profits/sales Q 1954Q2-2026Q1
1986-Q4,0.026027,MOF income ordinary profits/sales Q 1954Q2-2026Q1
1987-Q1,0.025607,MOF income ordinary profits/sales Q 1954Q2-2026Q1
1987-Q2,0.034506,MOF income ordinary profits/sales Q 1954Q2-2026Q1
1987-Q3,0.026541,MOF income ordinary profits/sales Q 1954Q2-2026Q1
1987-Q4,0.031893,MOF income ordinary profits/sales Q 1954Q2-2026Q1
1988-Q1,0.030886,MOF income ordinary profits/sales Q 1954Q2-2026Q1
1988-Q2,0.039746,MOF income ordinary profits/sales Q 1954Q2-2026Q1
1988-Q3,0.030152,MOF income ordinary profits/sales Q 1954Q2-2026Q1
1988-Q4,0.035756,MOF income ordinary profits/sales Q 1954Q2-2026Q1
1989-Q1,0.038034,MOF income ordinary profits/sales Q 1954Q2-2026Q1
1989-Q2,0.037296,MOF income ordinary profits/sales Q 1954Q2-2026Q1
1989-Q3,0.033861,MOF income ordinary profits/sales Q 1954Q2-2026Q1
1989-Q4,0.036957,MOF income ordinary profits/sales Q 1954Q2-2026Q1
1990-Q1,0.031488,MOF income ordinary profits/sales Q 1954Q2-2026Q1
1990-Q2,0.03591,MOF income ordinary profits/sales Q 1954Q2-2026Q1
1990-Q3,0.028196,MOF income ordinary profits/sales Q 1954Q2-2026Q1
1990-Q4,0.028909,MOF income ordinary profits/sales Q 1954Q2-2026Q1
1991-Q1,0.029088,MOF income ordinary profits/sales Q 1954Q2-2026Q1
1991-Q2,0.030178,MOF income ordinary profits/sales Q 1954Q2-2026Q1
1991-Q3,0.023281,MOF income ordinary profits/sales Q 1954Q2-2026Q1
1991-Q4,0.025014,MOF income ordinary profits/sales Q 1954Q2-2026Q1
1992-Q1,0.02398,MOF income ordinary profits/sales Q 1954Q2-2026Q1
1992-Q2,0.021708,MOF income ordinary profits/sales Q 1954Q2-2026Q1
1992-Q3,0.018043,MOF income ordinary profits/sales Q 1954Q2-2026Q1
1992-Q4,0.015674,MOF income ordinary profits/sales Q 1954Q2-2026Q1
1993-Q1,0.021121,MOF income ordinary profits/sales Q 1954Q2-2026Q1
1993-Q2,0.020751,MOF income ordinary profits/sales Q 1954Q2-2026Q1
1993-Q3,0.014495,MOF income ordinary profits/sales Q 1954Q2-2026Q1
1993-Q4,0.01491,MOF income ordinary profits/sales Q 1954Q2-2026Q1
1994-Q1,0.019728,MOF income ordinary profits/sales Q 1954Q2-2026Q1
1994-Q2,0.020562,MOF income ordinary profits/sales Q 1954Q2-2026Q1
1994-Q3,0.018144,MOF income ordinary profits/sales Q 1954Q2-2026Q1
1994-Q4,0.019405,MOF income ordinary profits/sales Q 1954Q2-2026Q1
1995-Q1,0.020835,MOF income ordinary profits/sales Q 1954Q2-2026Q1
1995-Q2,0.020958,MOF income ordinary profits/sales Q 1954Q2-2026Q1
1995-Q3,0.018685,MOF income ordinary profits/sales Q 1954Q2-2026Q1
1995-Q4,0.021338,MOF income ordinary profits/sales Q 1954Q2-2026Q1
1996-Q1,0.024224,MOF income ordinary profits/sales Q 1954Q2-2026Q1
1996-Q2,0.026711,MOF income ordinary profits/sales Q 1954Q2-2026Q1
1996-Q3,0.020162,MOF income ordinary profits/sales Q 1954Q2-2026Q1
1996-Q4,0.02348,MOF income ordinary profits/sales Q 1954Q2-2026Q1
1997-Q1,0.027244,MOF income ordinary profits/sales Q 1954Q2-2026Q1
1997-Q2,0.027966,MOF income ordinary profits/sales Q 1954Q2-2026Q1
1997-Q3,0.021314,MOF income ordinary profits/sales Q 1954Q2-2026Q1
1997-Q4,0.022339,MOF income ordinary profits/sales Q 1954Q2-2026Q1
1998-Q1,0.021806,MOF income ordinary profits/sales Q 1954Q2-2026Q1
1998-Q2,0.019402,MOF income ordinary profits/sales Q 1954Q2-2026Q1
1998-Q3,0.017783,MOF income ordinary profits/sales Q 1954Q2-2026Q1
1998-Q4,0.017853,MOF income ordinary profits/sales Q 1954Q2-2026Q1
1999-Q1,0.023309,MOF income ordinary profits/sales Q 1954Q2-2026Q1
1999-Q2,0.021312,MOF income ordinary profits/sales Q 1954Q2-2026Q1
1999-Q3,0.021921,MOF income ordinary profits/sales Q 1954Q2-2026Q1
1999-Q4,0.024775,MOF income ordinary profits/sales Q 1954Q2-2026Q1
2000-Q1,0.031521,MOF income ordinary profits/sales Q 1954Q2-2026Q1
2000-Q2,0.028968,MOF income ordinary profits/sales Q 1954Q2-2026Q1
2000-Q3,0.026425,MOF income ordinary profits/sales Q 1954Q2-2026Q1
2000-Q4,0.03136,MOF income ordinary profits/sales Q 1954Q2-2026Q1
2001-Q1,0.030678,MOF income ordinary profits/sales Q 1954Q2-2026Q1
2001-Q2,0.028886,MOF income ordinary profits/sales Q 1954Q2-2026Q1
2001-Q3,0.018297,MOF income ordinary profits/sales Q 1954Q2-2026Q1
2001-Q4,0.022372,MOF income ordinary profits/sales Q 1954Q2-2026Q1
2002-Q1,0.028295,MOF income ordinary profits/sales Q 1954Q2-2026Q1
2002-Q2,0.026477,MOF income ordinary profits/sales Q 1954Q2-2026Q1
2002-Q3,0.02369,MOF income ordinary profits/sales Q 1954Q2-2026Q1
2002-Q4,0.02891,MOF income ordinary profits/sales Q 1954Q2-2026Q1
2003-Q1,0.03156,MOF income ordinary profits/sales Q 1954Q2-2026Q1
2003-Q2,0.029348,MOF income ordinary profits/sales Q 1954Q2-2026Q1
2003-Q3,0.025362,MOF income ordinary profits/sales Q 1954Q2-2026Q1
2003-Q4,0.032778,MOF income ordinary profits/sales Q 1954Q2-2026Q1
2004-Q1,0.038423,MOF income ordinary profits/sales Q 1954Q2-2026Q1
2004-Q2,0.037398,MOF income ordinary profits/sales Q 1954Q2-2026Q1
2004-Q3,0.03306,MOF income ordinary profits/sales Q 1954Q2-2026Q1
2004-Q4,0.036686,MOF income ordinary profits/sales Q 1954Q2-2026Q1
2005-Q1,0.041983,MOF income ordinary profits/sales Q 1954Q2-2026Q1
2005-Q2,0.040972,MOF income ordinary profits/sales Q 1954Q2-2026Q1
2005-Q3,0.033692,MOF income ordinary profits/sales Q 1954Q2-2026Q1
2005-Q4,0.038638,MOF income ordinary profits/sales Q 1954Q2-2026Q1
2006-Q1,0.041603,MOF income ordinary profits/sales Q 1954Q2-2026Q1
2006-Q2,0.041518,MOF income ordinary profits/sales Q 1954Q2-2026Q1
2006-Q3,0.036289,MOF income ordinary profits/sales Q 1954Q2-2026Q1
2006-Q4,0.039114,MOF income ordinary profits/sales Q 1954Q2-2026Q1
2007-Q1,0.042042,MOF income ordinary profits/sales Q 1954Q2-2026Q1
2007-Q2,0.045012,MOF income ordinary profits/sales Q 1954Q2-2026Q1
2007-Q3,0.035329,MOF income ordinary profits/sales Q 1954Q2-2026Q1
2007-Q4,0.036515,MOF income ordinary profits/sales Q 1954Q2-2026Q1
2008-Q1,0.035212,MOF income ordinary profits/sales Q 1954Q2-2026Q1
2008-Q2,0.042971,MOF income ordinary profits/sales Q 1954Q2-2026Q1
2008-Q3,0.027461,MOF income ordinary profits/sales Q 1954Q2-2026Q1
2008-Q4,0.014829,MOF income ordinary profits/sales Q 1954Q2-2026Q1
2009-Q1,0.013717,MOF income ordinary profits/sales Q 1954Q2-2026Q1
2009-Q2,0.024323,MOF income ordinary profits/sales Q 1954Q2-2026Q1
2009-Q3,0.022017,MOF income ordinary profits/sales Q 1954Q2-2026Q1
2009-Q4,0.030958,MOF income ordinary profits/sales Q 1954Q2-2026Q1
2010-Q1,0.03271,MOF income ordinary profits/sales Q 1954Q2-2026Q1
2010-Q2,0.037089,MOF income ordinary profits/sales Q 1954Q2-2026Q1
2010-Q3,0.031871,MOF income ordinary profits/sales Q 1954Q2-2026Q1
2010-Q4,0.037861,MOF income ordinary profits/sales Q 1954Q2-2026Q1
2011-Q1,0.036345,MOF income ordinary profits/sales Q 1954Q2-2026Q1
2011-Q2,0.035837,MOF income ordinary profits/sales Q 1954Q2-2026Q1
2011-Q3,0.02974,MOF income ordinary profits/sales Q 1954Q2-2026Q1
2011-Q4,0.03442,MOF income ordinary profits/sales Q 1954Q2-2026Q1
2012-Q1,0.039496,MOF income ordinary profits/sales Q 1954Q2-2026Q1
2012-Q2,0.040364,MOF income ordinary profits/sales Q 1954Q2-2026Q1
2012-Q3,0.033056,MOF income ordinary profits/sales Q 1954Q2-2026Q1
2012-Q4,0.039854,MOF income ordinary profits/sales Q 1954Q2-2026Q1
2013-Q1,0.044446,MOF income ordinary profits/sales Q 1954Q2-2026Q1
2013-Q2,0.050307,MOF income ordinary profits/sales Q 1954Q2-2026Q1
2013-Q3,0.040689,MOF income ordinary profits/sales Q 1954Q2-2026Q1
2013-Q4,0.048615,MOF income ordinary profits/sales Q 1954Q2-2026Q1
2014-Q1,0.050547,MOF income ordinary profits/sales Q 1954Q2-2026Q1
2014-Q2,0.052004,MOF income ordinary profits/sales Q 1954Q2-2026Q1
2014-Q3,0.042569,MOF income ordinary profits/sales Q 1954Q2-2026Q1
2014-Q4,0.052981,MOF income ordinary profits/sales Q 1954Q2-2026Q1
2015-Q1,0.051025,MOF income ordinary profits/sales Q 1954Q2-2026Q1
2015-Q2,0.06368,MOF income ordinary profits/sales Q 1954Q2-2026Q1
2015-Q3,0.04636,MOF income ordinary profits/sales Q 1954Q2-2026Q1
2015-Q4,0.053529,MOF income ordinary profits/sales Q 1954Q2-2026Q1
2016-Q1,0.047878,MOF income ordinary profits/sales Q 1954Q2-2026Q1
2016-Q2,0.05942,MOF income ordinary profits/sales Q 1954Q2-2026Q1
2016-Q3,0.052494,MOF income ordinary profits/sales Q 1954Q2-2026Q1
2016-Q4,0.061351,MOF income ordinary profits/sales Q 1954Q2-2026Q1
2017-Q1,0.057414,MOF income ordinary profits/sales Q 1954Q2-2026Q1
2017-Q2,0.068279,MOF income ordinary profits/sales Q 1954Q2-2026Q1
2017-Q3,0.052828,MOF income ordinary profits/sales Q 1954Q2-2026Q1
2017-Q4,0.058461,MOF income ordinary profits/sales Q 1954Q2-2026Q1
2018-Q1,0.055739,MOF income ordinary profits/sales Q 1954Q2-2026Q1
2018-Q2,0.07661,MOF income ordinary profits/sales Q 1954Q2-2026Q1
2018-Q3,0.050949,MOF income ordinary profits/sales Q 1954Q2-2026Q1
2018-Q4,0.052409,MOF income ordinary profits/sales Q 1954Q2-2026Q1
2019-Q1,0.059712,MOF income ordinary profits/sales Q 1954Q2-2026Q1
2019-Q2,0.067163,MOF income ordinary profits/sales Q 1954Q2-2026Q1
2019-Q3,0.049566,MOF income ordinary profits/sales Q 1954Q2-2026Q1
2019-Q4,0.053406,MOF income ordinary profits/sales Q 1954Q2-2026Q1
2020-Q1,0.046218,MOF income ordinary profits/sales Q 1954Q2-2026Q1
2020-Q2,0.043607,MOF income ordinary profits/sales Q 1954Q2-2026Q1
2020-Q3,0.040092,MOF income ordinary profits/sales Q 1954Q2-2026Q1
2020-Q4,0.055559,MOF income ordinary profits/sales Q 1954Q2-2026Q1
2021-Q1,0.060058,MOF income ordinary profits/sales Q 1954Q2-2026Q1
2021-Q2,0.076568,MOF income ordinary profits/sales Q 1954Q2-2026Q1
2021-Q3,0.05177,MOF income ordinary profits/sales Q 1954Q2-2026Q1
2021-Q4,0.065568,MOF income ordinary profits/sales Q 1954Q2-2026Q1
2022-Q1,0.063283,MOF income ordinary profits/sales Q 1954Q2-2026Q1
2022-Q2,0.08404,MOF income ordinary profits/sales Q 1954Q2-2026Q1
2022-Q3,0.05654,MOF income ordinary profits/sales Q 1954Q2-2026Q1
2022-Q4,0.060058,MOF income ordinary profits/sales Q 1954Q2-2026Q1
2023-Q1,0.062881,MOF income ordinary profits/sales Q 1954Q2-2026Q1
2023-Q2,0.088689,MOF income ordinary profits/sales Q 1954Q2-2026Q1
2023-Q3,0.064714,MOF income ordinary profits/sales Q 1954Q2-2026Q1
2023-Q4,0.065108,MOF income ordinary profits/sales Q 1954Q2-2026Q1
2024-Q1,0.070797,MOF income ordinary profits/sales Q 1954Q2-2026Q1
2024-Q2,0.096943,MOF income ordinary profits/sales Q 1954Q2-2026Q1
2024-Q3,0.060993,MOF income ordinary profits/sales Q 1954Q2-2026Q1
2024-Q4,0.07209,MOF income ordinary profits/sales Q 1954Q2-2026Q1
2025-Q1,0.070429,MOF income ordinary profits/sales Q 1954Q2-2026Q1
2025-Q2,0.09635,MOF income ordinary profits/sales Q 1954Q2-2026Q1
2025-Q3,0.072653,MOF income ordinary profits/sales Q 1954Q2-2026Q1
2025-Q4,0.074946,MOF income ordinary profits/sales Q 1954Q2-2026Q1
2026-Q1,0.079839,MOF income ordinary profits/sales Q 1954Q2-2026Q1
