月份,当月(亿元),同比增长,环比增长,累计(亿元),date
2008年01月份,1437.69,-0.7214,-0.5989,402489.07,2008-01-01
2008年02月份,13370.18,1.527,8.3,415859.25,2008-02-01
2008年03月份,10737.68,0.2585,-0.1969,426596.93,2008-03-01
2008年04月份,7180.81,0.6912,-0.3313,433777.74,2008-04-01
2008年05月份,8763.12,3.71,0.2204,442540.86,2008-05-01
2008年06月份,7686.63,-0.1422,-0.1228,450227.49,2008-06-01
2008年07月份,5028.96,3.266,-0.3458,455256.45,2008-07-01
2008年08月份,6831.03,0.056,0.3583,462087.48,2008-08-01
2008年09月份,4729.13,-0.0952,-0.3077,466816.61,2008-09-01
2008年10月份,3645.74,1.838,-0.2291,470462.35,2008-10-01
2008年11月份,3810.09,-0.4457,0.0451,474272.44,2008-11-01
2008年12月份,4171.77,0.1638,0.0949,478444.21,2008-12-01
2009年01月份,16274.86,10.32,2.901,494719.07,2009-01-01
2009年02月份,16851.85,0.2604,0.0355,511570.92,2009-02-01
2009年03月份,24738.57,1.304,0.468,536309.48,2009-03-01
2009年04月份,10567.99,0.4717,-0.5728,546877.47,2009-04-01
2009年05月份,13498.57,0.5404,0.2773,560376.04,2009-05-01
2009年06月份,20131.11,1.619,0.4914,580507.15,2009-06-01
2009年07月份,4057.93,-0.1931,-0.7984,584565.08,2009-07-01
2009年08月份,3479.93,-0.4906,-0.1424,588045.01,2009-08-01
2009年09月份,9821.91,1.077,1.822,597866.92,2009-09-01
2009年10月份,2921.46,-0.1987,-0.7026,600788.38,2009-10-01
2009年11月份,5922.94,0.5545,1.027,606711.32,2009-11-01
2009年12月份,5295.03,0.2693,-0.106,612006.35,2009-12-01
2010年01月份,15159.52,-0.0685,1.863,627165.87,2010-01-01
2010年02月份,9729.22,-0.4227,-0.3582,636895.08,2010-02-01
2010年03月份,15759.54,-0.363,0.6198,652654.62,2010-03-01
2010年04月份,11209.85,0.0607,-0.2887,663864.47,2010-04-01
2010年05月份,10716.1,-0.2061,-0.044,674580.57,2010-05-01
2010年06月份,13959.38,-0.3066,0.3027,688539.95,2010-06-01
2010年07月份,1685.76,-0.5846,-0.8792,690225.71,2010-07-01
2010年08月份,11234.19,2.228,5.664,701459.9,2010-08-01
2010年09月份,14964.09,0.5235,0.332,716423.99,2010-09-01
2010年10月份,1968.29,-0.3263,-0.8685,718392.28,2010-10-01
2010年11月份,5888.37,-0.0058,1.992,724280.65,2010-11-01
2010年12月份,9101.38,0.7189,0.5457,733382.03,2010-12-01
2011年01月份,-5726.68,-1.378,-1.629,727655.35,2011-01-01
2011年02月份,13390.75,0.3763,3.338,741046.1,2011-02-01
2011年03月份,27323.97,0.7338,1.041,768370.08,2011-03-01
2011年04月份,3361.06,-0.7002,-0.877,771731.14,2011-04-01
2011年05月份,11114.68,0.0372,2.307,782845.82,2011-05-01
2011年06月份,20180.8,0.4457,0.8157,803026.61,2011-06-01
2011年07月份,-7334.85,-5.351,-1.363,795691.76,2011-07-01
2011年08月份,7462.81,-0.3357,2.017,803154.57,2011-08-01
2011年09月份,7192.25,-0.5194,-0.0363,810346.82,2011-09-01
2011年10月份,-1855.93,-1.943,-1.258,808490.89,2011-10-01
2011年11月份,3557.2,-0.3959,2.917,812048.09,2011-11-01
2011年12月份,14653.26,0.61,3.119,826701.35,2011-12-01
2012年01月份,-7020.69,-0.226,-1.479,819680.66,2012-01-01
2012年02月份,17658.61,0.3187,3.515,837339.27,2012-02-01
2012年03月份,31109.45,0.1385,0.7617,868448.71,2012-03-01
2012年04月份,-3286.18,-1.978,-1.106,865162.54,2012-04-01
2012年05月份,13262.51,0.1932,5.036,878425.04,2012-05-01
2012年06月份,30268.5,0.4999,1.282,908693.54,2012-06-01
2012年07月份,-4516.1,0.3843,-1.149,904177.43,2012-07-01
2012年08月份,5264.37,-0.2946,2.166,909441.81,2012-08-01
2012年09月份,16447.14,1.287,2.124,925888.95,2012-09-01
2012年10月份,-2731.5,-0.4718,-1.166,923157.46,2012-10-01
2012年11月份,4574.47,0.286,2.675,927731.92,2012-11-01
2012年12月份,15370.35,0.0489,2.36,943102.27,2012-12-01
2013年01月份,12009.33,2.711,-0.2187,955111.6,2013-01-01
2013年02月份,8188.22,-0.5363,-0.3182,963299.82,2013-02-01
2013年03月份,43681.97,0.4041,4.335,1006981.79,2013-03-01
2013年04月份,-1114.67,0.6608,-1.026,1005867.12,2013-04-01
2013年05月份,14486.81,0.0923,14.0,1020353.92,2013-05-01
2013年06月份,16047.13,-0.4698,0.1077,1036401.05,2013-06-01
2013年07月份,-3621.77,0.198,-1.226,1032779.28,2013-07-01
2013年08月份,8656.03,0.6443,3.39,1041435.3,2013-08-01
2013年09月份,17042.76,0.0362,0.9689,1058478.06,2013-09-01
2013年10月份,-4211.47,-0.5418,-1.247,1054266.59,2013-10-01
2013年11月份,5608.53,0.2261,2.332,1059875.12,2013-11-01
2013年12月份,10712.6,-0.303,0.9101,1070587.72,2013-12-01
2014年01月份,-6668.46,-1.555,-1.622,1063919.26,2014-01-01
2014年02月份,20621.16,1.518,4.092,1084540.42,2014-02-01
2014年03月份,37694.68,-0.1371,0.828,1122235.1,2014-03-01
2014年04月份,-5174.97,-3.643,-1.137,1117060.13,2014-04-01
2014年05月份,16031.09,0.1066,4.098,1133091.22,2014-05-01
2014年06月份,39508.75,1.462,1.465,1172599.97,2014-06-01
2014年07月份,-18815.9,-4.195,-1.476,1153784.07,2014-07-01
2014年08月份,2014.31,-0.7673,1.107,1155798.37,2014-08-01
2014年09月份,8011.69,-0.5299,2.977,1163810.07,2014-09-01
2014年10月份,-2461.0,0.4156,-1.307,1161349.06,2014-10-01
2014年11月份,6388.83,0.1391,3.596,1167737.89,2014-11-01
2014年12月份,5996.7,-0.4402,-0.0614,1173734.59,2014-12-01
2015年01月份,90568.25,14.58,14.1,1264302.85,2015-01-01
2015年02月份,407.57,-0.9802,-0.9955,1264710.41,2015-02-01
2015年03月份,26783.57,-0.2895,64.72,1291493.98,2015-03-01
2015年04月份,7456.94,2.441,-0.7216,1298950.92,2015-04-01
2015年05月份,31515.27,0.9659,3.226,1330466.19,2015-05-01
2015年06月份,29491.6,-0.2535,-0.0642,1359957.8,2015-06-01
2015年07月份,19214.77,2.021,-0.3485,1379172.56,2015-07-01
2015年08月份,3997.6,0.9846,-0.792,1383170.17,2015-08-01
2015年09月份,-4342.67,-1.542,-2.086,1378827.5,2015-09-01
2015年10月份,5616.99,3.282,2.293,1384444.49,2015-10-01
2015年11月份,13272.05,1.077,1.363,1397716.54,2015-11-01
2015年12月份,35.57,-0.9941,-0.9973,1397752.11,2015-12-01
2016年01月份,22179.28,-0.7551,,1419931.38,2016-01-01
2016年02月份,8970.91,21.01,-0.5955,1428902.3,2016-02-01
2016年03月份,25309.56,-0.055,1.821,1454211.85,2016-03-01
2016年04月份,8362.43,0.1214,-0.6696,1462574.29,2016-04-01
2016年05月份,18526.35,-0.4121,1.215,1481100.64,2016-05-01
2016年06月份,24808.17,-0.1588,0.3391,1505908.81,2016-06-01
2016年07月份,4488.94,-0.7664,-0.8191,1510397.75,2016-07-01
2016年08月份,18147.18,3.54,3.043,1528544.93,2016-08-01
2016年09月份,1088.83,1.251,-0.94,1529633.76,2016-09-01
2016年10月份,13862.77,1.468,11.73,1543496.53,2016-10-01
2016年11月份,9114.5,-0.3133,-0.3425,1552611.04,2016-11-01
2016年12月份,2636.03,73.11,-0.7108,1555247.07,2016-12-01
2017年01月份,15296.63,-0.3103,4.803,1570543.7,2017-01-01
2017年02月份,25010.55,1.788,0.635,1595554.25,2017-02-01
2017年03月份,14209.69,-0.4386,-0.4319,1609763.95,2017-03-01
2017年04月份,2945.42,-0.6478,-0.7927,1612709.37,2017-04-01
2017年05月份,10952.06,-0.4088,2.718,1623661.43,2017-05-01
2017年06月份,26704.14,0.0764,1.438,1650365.57,2017-06-01
2017年07月份,7892.62,0.7582,-0.7044,1658258.19,2017-07-01
2017年08月份,12158.26,-0.33,0.5405,1670416.45,2017-08-01
2017年09月份,3745.32,2.44,-0.692,1674161.77,2017-09-01
2017年10月份,10870.23,-0.2159,1.902,1685032.0,2017-10-01
2017年11月份,15745.72,0.7275,0.4485,1700777.72,2017-11-01
2017年12月份,-8050.57,-4.054,-1.511,1692727.15,2017-12-01
2018年01月份,39936.11,1.611,5.961,1732663.27,2018-01-01
2018年02月份,-3046.64,-1.122,-1.076,1729616.63,2018-02-01
2018年03月份,14819.85,0.0429,5.864,1744436.47,2018-03-01
2018年04月份,4370.49,0.4838,-0.7051,1748806.96,2018-04-01
2018年05月份,12787.31,0.1676,1.926,1761594.27,2018-05-01
2018年06月份,21798.24,-0.1837,0.7047,1783392.51,2018-06-01
2018年07月份,10466.76,0.3261,-0.5198,1793859.27,2018-07-01
2018年08月份,10818.13,-0.1102,0.0336,1804677.4,2018-08-01
2018年09月份,7747.96,1.069,-0.2838,1812425.36,2018-09-01
2018年10月份,3822.83,-0.6483,-0.5066,1816248.19,2018-10-01
2018年11月份,8751.81,-0.4442,1.289,1825000.0,2018-11-01
2018年12月份,158.24,1.02,-0.9819,1825158.24,2018-12-01
2019年01月份,32800.55,-0.1787,,1857958.79,2019-01-01
2019年02月份,14306.55,5.696,-0.5638,1872265.34,2019-02-01
2019年03月份,17735.02,0.1967,0.2396,1890000.36,2019-03-01
2019年04月份,2455.26,-0.4382,-0.8616,1892455.62,2019-04-01
2019年05月份,12304.49,-0.0378,4.011,1904760.11,2019-05-01
2019年06月份,23168.98,0.0629,0.883,1927929.09,2019-06-01
2019年07月份,5472.83,-0.4771,-0.7638,1933401.92,2019-07-01
2019年08月份,18551.66,0.7149,2.39,1951953.58,2019-08-01
2019年09月份,7177.72,-0.0736,-0.6131,1959131.3,2019-09-01
2019年10月份,3462.63,-0.0942,-0.5176,1962593.93,2019-10-01
2019年11月份,12908.64,0.475,2.728,1975502.57,2019-11-01
2019年12月份,6140.01,37.8,-0.5243,1981642.58,2019-12-01
2020年01月份,30351.87,-0.0747,3.943,2011994.45,2020-01-01
2020年02月份,11506.11,-0.1957,-0.6209,2023500.56,2020-02-01
2020年03月份,40661.59,1.293,2.534,2064162.15,2020-03-01
2020年04月份,11715.18,3.771,-0.7119,2075877.33,2020-04-01
2020年05月份,23155.64,0.8819,0.9766,2099032.97,2020-05-01
2020年06月份,30853.36,0.3317,0.3324,2129886.33,2020-06-01
2020年07月份,1133.15,-0.7929,-0.9633,2131019.48,2020-07-01
2020年08月份,20150.96,0.0862,16.78,2151170.44,2020-08-01
2020年09月份,17399.06,1.424,-0.1366,2168569.5,2020-09-01
2020年10月份,-2763.31,-1.798,-1.159,2165806.19,2020-10-01
2020年11月份,20612.64,0.5968,8.459,2186418.83,2020-11-01
2020年12月份,-2674.76,-1.436,-1.13,2183744.07,2020-12-01
2021年01月份,38450.47,0.2668,15.38,2222194.54,2021-01-01
2021年02月份,12972.5,0.1274,-0.6626,2235167.04,2021-02-01
2021年03月份,36937.7,-0.0916,1.847,2272104.74,2021-03-01
2021年04月份,-5158.85,-1.44,-1.14,2266945.89,2021-04-01
2021年05月份,25230.33,0.0896,5.891,2292176.22,2021-05-01
2021年06月份,39825.97,0.2908,0.5785,2332002.19,2021-06-01
2021年07月份,-12806.87,-12.3,-1.322,2319195.32,2021-07-01
2021年08月份,14006.14,-0.3049,2.094,2333201.46,2021-08-01
2021年09月份,22985.12,0.3211,0.6411,2356186.58,2021-09-01
2021年10月份,8052.79,3.914,-0.6497,2364239.37,2021-10-01
2021年11月份,11560.86,-0.4391,0.4356,2375800.23,2021-11-01
2021年12月份,10262.15,4.837,-0.1123,2386062.38,2021-12-01
2022年01月份,39913.86,0.0381,2.889,2425976.24,2022-01-01
2022年02月份,26732.01,1.061,-0.3303,2452708.25,2022-02-01
2022年03月份,44672.8,0.2094,0.6711,2497381.05,2022-03-01
2022年04月份,496.12,1.096,-0.9889,2497877.17,2022-04-01
2022年05月份,29936.31,0.1865,59.34,2527813.48,2022-05-01
2022年06月份,48951.94,0.2291,0.6352,2576765.42,2022-06-01
2022年07月份,-1457.17,0.8862,-1.03,2575308.25,2022-07-01
2022年08月份,11241.68,-0.1974,8.715,2586549.93,2022-08-01
2022年09月份,26328.73,0.1455,1.342,2612878.66,2022-09-01
2022年10月份,-2650.78,-1.329,-1.101,2610227.88,2022-10-01
2022年11月份,29401.08,1.543,12.09,2639628.96,2022-11-01
2022年12月份,4843.32,-0.528,-0.8353,2644472.28,2022-12-01
2023年01月份,69462.5,0.7403,13.34,2713934.78,2023-01-01
2023年02月份,29434.71,0.1011,-0.5763,2743369.49,2023-02-01
2023年03月份,58345.47,0.3061,0.9822,2801714.96,2023-03-01
2023年04月份,-6183.34,-13.46,-1.106,2795531.62,2023-04-01
2023年05月份,13879.01,-0.5364,3.245,2809410.63,2023-05-01
2023年06月份,37299.23,-0.238,1.687,2846709.86,2023-06-01
2023年07月份,-13116.28,-8.001,-1.352,2833593.58,2023-07-01
2023年08月份,11139.03,-0.0091,1.849,2844732.61,2023-08-01
2023年09月份,21230.37,-0.1936,0.9059,2865962.98,2023-09-01
2023年10月份,6820.52,3.573,-0.6787,2872783.5,2023-10-01
2023年11月份,25298.58,-0.1395,2.709,2898082.08,2023-11-01
2023年12月份,1050.14,-0.7832,-0.9585,2899132.22,2023-12-01
2024年01月份,57067.72,-0.1784,53.34,2956199.94,2024-01-01
2024年02月份,9599.38,-0.6739,-0.8318,2965799.32,2024-02-01
2024年03月份,48324.8,-0.1717,4.034,3014124.12,2024-03-01
2024年04月份,-39633.79,-5.41,-1.82,2974490.33,2024-04-01
2024年05月份,17275.02,0.2447,1.436,2991765.35,2024-05-01
2024年06月份,25025.19,-0.3291,0.4486,3016790.54,2024-06-01
2024年07月份,-8038.18,0.3872,-1.321,3008752.36,2024-07-01
2024年08月份,23349.79,1.096,3.905,3032102.15,2024-08-01
2024年09月份,36218.43,0.706,0.5511,3068320.58,2024-09-01
2024年10月份,6049.94,-0.113,-0.833,3074370.52,2024-10-01
2024年11月份,21470.91,-0.1513,2.549,3095841.43,2024-11-01
2024年12月份,-11992.66,-12.42,-1.559,3083848.77,2024-12-01
2025年01月份,45645.08,-0.2002,4.806,3129493.85,2025-01-01
2025年02月份,47099.65,3.907,0.0319,3176593.5,2025-02-01
2025年03月份,44533.13,-0.0785,-0.0545,3221126.63,2025-03-01
2025年04月份,-4326.81,0.8908,-1.097,3216799.82,2025-04-01
2025年05月份,23964.05,0.3872,6.539,3240763.87,2025-05-01
2025年06月份,33876.91,0.3537,0.4137,3274640.78,2025-06-01
2025年07月份,3683.16,1.458,-0.8913,3278323.94,2025-07-01
2025年08月份,21270.15,-0.0891,4.775,3299594.09,2025-08-01
2025年09月份,22181.27,-0.3876,0.0428,3321775.36,2025-09-01
2025年10月份,7399.22,0.223,-0.6664,3329174.58,2025-10-01
2025年11月份,15461.71,-0.2799,1.09,3344636.29,2025-11-01
2025年12月份,16747.05,2.396,0.0831,3361383.34,2025-12-01
2026年01月份,83227.48,0.8234,3.97,3444610.82,2026-01-01
2026年02月份,12558.63,-0.7334,-0.8491,3457169.45,2026-02-01
2026年03月份,45111.07,0.013,2.592,3502280.52,2026-03-01
2026年04月份,3387.44,1.783,-0.9249,3505667.96,2026-04-01
2026年05月份,18180.21,-0.2414,4.367,3523848.17,2026-05-01
2026年06月份,19429.65,-0.4265,0.0687,3543277.82,2026-06-01
2026年07月份,1624.74,-0.5589,-0.9164,3544902.56,2026-07-01
