release_date,reference_period,indicator,value,unit,title,url
2026-08-17,2026-07,工业增加值同比,4.5,%,1—7月份国民经济保持总体平稳、向新向优发展态势,https://www.stats.gov.cn/sj/zxfb/202608/t20260817_1965056.html
2026-08-17,2026-07,工业增加值环比,0.11,%,1—7月份国民经济保持总体平稳、向新向优发展态势,https://www.stats.gov.cn/sj/zxfb/202608/t20260817_1965056.html
2026-08-17,2026-07,服务业生产指数同比,4.3,%,1—7月份国民经济保持总体平稳、向新向优发展态势,https://www.stats.gov.cn/sj/zxfb/202608/t20260817_1965056.html
2026-08-17,2026-07,社零当月(亿元),39022,亿元,1—7月份国民经济保持总体平稳、向新向优发展态势,https://www.stats.gov.cn/sj/zxfb/202608/t20260817_1965056.html
2026-08-17,2026-07,社零同比,0.6,%,1—7月份国民经济保持总体平稳、向新向优发展态势,https://www.stats.gov.cn/sj/zxfb/202608/t20260817_1965056.html
2026-08-17,2026-07,社零季调环比,0.06,%,1—7月份国民经济保持总体平稳、向新向优发展态势,https://www.stats.gov.cn/sj/zxfb/202608/t20260817_1965056.html
2026-08-17,2026-07,固投累计(亿元),260328,亿元,1—7月份国民经济保持总体平稳、向新向优发展态势,https://www.stats.gov.cn/sj/zxfb/202608/t20260817_1965056.html
2026-08-17,2026-07,固投累计同比,-6.7,%,1—7月份国民经济保持总体平稳、向新向优发展态势,https://www.stats.gov.cn/sj/zxfb/202608/t20260817_1965056.html
2026-08-17,2026-07,固投季调环比,-1.42,%,1—7月份国民经济保持总体平稳、向新向优发展态势,https://www.stats.gov.cn/sj/zxfb/202608/t20260817_1965056.html
2026-08-17,2026-07,基建投资同比,-3.6,%,1—7月份国民经济保持总体平稳、向新向优发展态势,https://www.stats.gov.cn/sj/zxfb/202608/t20260817_1965056.html
2026-08-17,2026-07,制造业投资同比,-1.7,%,1—7月份国民经济保持总体平稳、向新向优发展态势,https://www.stats.gov.cn/sj/zxfb/202608/t20260817_1965056.html
2026-08-17,2026-07,房地产投资同比,-19.2,%,1—7月份国民经济保持总体平稳、向新向优发展态势,https://www.stats.gov.cn/sj/zxfb/202608/t20260817_1965056.html
2026-08-17,2026-07,民间投资同比,-9.4,%,1—7月份国民经济保持总体平稳、向新向优发展态势,https://www.stats.gov.cn/sj/zxfb/202608/t20260817_1965056.html
2026-08-17,2026-07,高技术产业投资同比,5.0,%,1—7月份国民经济保持总体平稳、向新向优发展态势,https://www.stats.gov.cn/sj/zxfb/202608/t20260817_1965056.html
2026-08-17,2026-07,城镇调查失业率,5.2,%,1—7月份国民经济保持总体平稳、向新向优发展态势,https://www.stats.gov.cn/sj/zxfb/202608/t20260817_1965056.html
2026-08-17,2026-07,CPI同比,0.5,%,1—7月份国民经济保持总体平稳、向新向优发展态势,https://www.stats.gov.cn/sj/zxfb/202608/t20260817_1965056.html
2026-08-17,2026-07,核心CPI同比,0.9,%,1—7月份国民经济保持总体平稳、向新向优发展态势,https://www.stats.gov.cn/sj/zxfb/202608/t20260817_1965056.html
2026-08-17,2026-07,PPI同比(7月份),3.5,%,1—7月份国民经济保持总体平稳、向新向优发展态势,https://www.stats.gov.cn/sj/zxfb/202608/t20260817_1965056.html
2026-08-17,2026-07,PPI环比(7月份),-0.7,%,1—7月份国民经济保持总体平稳、向新向优发展态势,https://www.stats.gov.cn/sj/zxfb/202608/t20260817_1965056.html
2026-08-17,2026-07,PPIRM同比(7月份),5.5,%,1—7月份国民经济保持总体平稳、向新向优发展态势,https://www.stats.gov.cn/sj/zxfb/202608/t20260817_1965056.html
2026-08-17,2026-07,PPIRM环比(7月份),-1.0,%,1—7月份国民经济保持总体平稳、向新向优发展态势,https://www.stats.gov.cn/sj/zxfb/202608/t20260817_1965056.html
2026-08-17,2026-07,进出口总额(亿元),46580,亿元,1—7月份国民经济保持总体平稳、向新向优发展态势,https://www.stats.gov.cn/sj/zxfb/202608/t20260817_1965056.html
2026-08-17,2026-07,进出口同比,19.2,%,1—7月份国民经济保持总体平稳、向新向优发展态势,https://www.stats.gov.cn/sj/zxfb/202608/t20260817_1965056.html
2026-08-17,2026-07,出口额(亿元),27125,亿元,1—7月份国民经济保持总体平稳、向新向优发展态势,https://www.stats.gov.cn/sj/zxfb/202608/t20260817_1965056.html
2026-08-17,2026-07,出口同比,17.8,%,1—7月份国民经济保持总体平稳、向新向优发展态势,https://www.stats.gov.cn/sj/zxfb/202608/t20260817_1965056.html
2026-08-17,2026-07,进口额(亿元),19454,亿元,1—7月份国民经济保持总体平稳、向新向优发展态势,https://www.stats.gov.cn/sj/zxfb/202608/t20260817_1965056.html
2026-08-17,2026-07,进口同比,21.2,%,1—7月份国民经济保持总体平稳、向新向优发展态势,https://www.stats.gov.cn/sj/zxfb/202608/t20260817_1965056.html
2026-06-16,2026-05,工业增加值同比,4.5,%,5月份国民经济运行总体平稳、向新向优,https://www.stats.gov.cn/sj/zxfb/202606/t20260616_1963954.html
2026-06-16,2026-05,服务业生产指数同比,4.4,%,5月份国民经济运行总体平稳、向新向优,https://www.stats.gov.cn/sj/zxfb/202606/t20260616_1963954.html
2026-06-16,2026-05,社零当月(亿元),41090,亿元,5月份国民经济运行总体平稳、向新向优,https://www.stats.gov.cn/sj/zxfb/202606/t20260616_1963954.html
2026-06-16,2026-05,社零同比,-0.6,%,5月份国民经济运行总体平稳、向新向优,https://www.stats.gov.cn/sj/zxfb/202606/t20260616_1963954.html
2026-06-16,2026-05,固投累计(亿元),178512,亿元,5月份国民经济运行总体平稳、向新向优,https://www.stats.gov.cn/sj/zxfb/202606/t20260616_1963954.html
2026-06-16,2026-05,固投累计同比,-4.1,%,5月份国民经济运行总体平稳、向新向优,https://www.stats.gov.cn/sj/zxfb/202606/t20260616_1963954.html
2026-06-16,2026-05,固投季调环比,-1.91,%,5月份国民经济运行总体平稳、向新向优,https://www.stats.gov.cn/sj/zxfb/202606/t20260616_1963954.html
2026-06-16,2026-05,基建投资同比,0.6,%,5月份国民经济运行总体平稳、向新向优,https://www.stats.gov.cn/sj/zxfb/202606/t20260616_1963954.html
2026-06-16,2026-05,制造业投资同比,-0.4,%,5月份国民经济运行总体平稳、向新向优,https://www.stats.gov.cn/sj/zxfb/202606/t20260616_1963954.html
2026-06-16,2026-05,房地产投资同比,-16.2,%,5月份国民经济运行总体平稳、向新向优,https://www.stats.gov.cn/sj/zxfb/202606/t20260616_1963954.html
2026-06-16,2026-05,民间投资同比,-7.1,%,5月份国民经济运行总体平稳、向新向优,https://www.stats.gov.cn/sj/zxfb/202606/t20260616_1963954.html
2026-06-16,2026-05,高技术产业投资同比,4.5,%,5月份国民经济运行总体平稳、向新向优,https://www.stats.gov.cn/sj/zxfb/202606/t20260616_1963954.html
2026-06-16,2026-05,城镇调查失业率,5.1,%,5月份国民经济运行总体平稳、向新向优,https://www.stats.gov.cn/sj/zxfb/202606/t20260616_1963954.html
2026-05-18,2026-04,工业增加值同比,4.1,%,1—4月份国民经济保持稳中有进发展态势,https://www.stats.gov.cn/sj/zxfb/202605/t20260518_1963732.html
2026-05-18,2026-04,工业增加值环比,0.05,%,1—4月份国民经济保持稳中有进发展态势,https://www.stats.gov.cn/sj/zxfb/202605/t20260518_1963732.html
2026-05-18,2026-04,服务业生产指数同比,4.3,%,1—4月份国民经济保持稳中有进发展态势,https://www.stats.gov.cn/sj/zxfb/202605/t20260518_1963732.html
2026-05-18,2026-04,固投累计(亿元),141293,亿元,1—4月份国民经济保持稳中有进发展态势,https://www.stats.gov.cn/sj/zxfb/202605/t20260518_1963732.html
2026-05-18,2026-04,固投累计同比,-1.6,%,1—4月份国民经济保持稳中有进发展态势,https://www.stats.gov.cn/sj/zxfb/202605/t20260518_1963732.html
2026-05-18,2026-04,固投季调环比,-2.36,%,1—4月份国民经济保持稳中有进发展态势,https://www.stats.gov.cn/sj/zxfb/202605/t20260518_1963732.html
2026-05-18,2026-04,基建投资同比,4.3,%,1—4月份国民经济保持稳中有进发展态势,https://www.stats.gov.cn/sj/zxfb/202605/t20260518_1963732.html
2026-05-18,2026-04,制造业投资同比,1.2,%,1—4月份国民经济保持稳中有进发展态势,https://www.stats.gov.cn/sj/zxfb/202605/t20260518_1963732.html
2026-05-18,2026-04,房地产投资同比,-13.7,%,1—4月份国民经济保持稳中有进发展态势,https://www.stats.gov.cn/sj/zxfb/202605/t20260518_1963732.html
2026-05-18,2026-04,民间投资同比,-5.2,%,1—4月份国民经济保持稳中有进发展态势,https://www.stats.gov.cn/sj/zxfb/202605/t20260518_1963732.html
2026-05-18,2026-04,高技术产业投资同比,6.1,%,1—4月份国民经济保持稳中有进发展态势,https://www.stats.gov.cn/sj/zxfb/202605/t20260518_1963732.html
2026-05-18,2026-04,城镇调查失业率,5.2,%,1—4月份国民经济保持稳中有进发展态势,https://www.stats.gov.cn/sj/zxfb/202605/t20260518_1963732.html
2026-05-18,2026-04,CPI同比,1.2,%,1—4月份国民经济保持稳中有进发展态势,https://www.stats.gov.cn/sj/zxfb/202605/t20260518_1963732.html
2026-05-18,2026-04,进出口总额(亿元),43778,亿元,1—4月份国民经济保持稳中有进发展态势,https://www.stats.gov.cn/sj/zxfb/202605/t20260518_1963732.html
2026-05-18,2026-04,进出口同比,14.2,%,1—4月份国民经济保持稳中有进发展态势,https://www.stats.gov.cn/sj/zxfb/202605/t20260518_1963732.html
2026-05-18,2026-04,出口额(亿元),24817,亿元,1—4月份国民经济保持稳中有进发展态势,https://www.stats.gov.cn/sj/zxfb/202605/t20260518_1963732.html
2026-05-18,2026-04,出口同比,9.8,%,1—4月份国民经济保持稳中有进发展态势,https://www.stats.gov.cn/sj/zxfb/202605/t20260518_1963732.html
2026-05-18,2026-04,进口额(亿元),18960,亿元,1—4月份国民经济保持稳中有进发展态势,https://www.stats.gov.cn/sj/zxfb/202605/t20260518_1963732.html
2026-05-18,2026-04,进口同比,20.6,%,1—4月份国民经济保持稳中有进发展态势,https://www.stats.gov.cn/sj/zxfb/202605/t20260518_1963732.html
2026-03-16,2026-02,固投累计(亿元),52721,亿元,1—2月份国民经济起步有力、开局良好,https://www.stats.gov.cn/sj/zxfb/202603/t20260316_1962780.html
2026-03-16,2026-02,固投累计同比,1.8,%,1—2月份国民经济起步有力、开局良好,https://www.stats.gov.cn/sj/zxfb/202603/t20260316_1962780.html
2026-03-16,2026-02,基建投资同比,11.4,%,1—2月份国民经济起步有力、开局良好,https://www.stats.gov.cn/sj/zxfb/202603/t20260316_1962780.html
2026-03-16,2026-02,制造业投资同比,3.1,%,1—2月份国民经济起步有力、开局良好,https://www.stats.gov.cn/sj/zxfb/202603/t20260316_1962780.html
2026-03-16,2026-02,房地产投资同比,-11.1,%,1—2月份国民经济起步有力、开局良好,https://www.stats.gov.cn/sj/zxfb/202603/t20260316_1962780.html
2026-03-16,2026-02,民间投资同比,-2.6,%,1—2月份国民经济起步有力、开局良好,https://www.stats.gov.cn/sj/zxfb/202603/t20260316_1962780.html
2026-03-16,2026-02,高技术产业投资同比,5.1,%,1—2月份国民经济起步有力、开局良好,https://www.stats.gov.cn/sj/zxfb/202603/t20260316_1962780.html
2026-03-16,2026-02,城镇调查失业率,5.3,%,1—2月份国民经济起步有力、开局良好,https://www.stats.gov.cn/sj/zxfb/202603/t20260316_1962780.html
2025-12-15,2025-11,工业增加值同比,4.8,%,11月份国民经济延续稳中有进发展态势,https://www.stats.gov.cn/sj/zxfb/202512/t20251215_1962075.html
2025-12-15,2025-11,工业增加值环比,0.44,%,11月份国民经济延续稳中有进发展态势,https://www.stats.gov.cn/sj/zxfb/202512/t20251215_1962075.html
2025-12-15,2025-11,服务业生产指数同比,4.2,%,11月份国民经济延续稳中有进发展态势,https://www.stats.gov.cn/sj/zxfb/202512/t20251215_1962075.html
2025-12-15,2025-11,社零当月(亿元),43898,亿元,11月份国民经济延续稳中有进发展态势,https://www.stats.gov.cn/sj/zxfb/202512/t20251215_1962075.html
2025-12-15,2025-11,社零同比,1.3,%,11月份国民经济延续稳中有进发展态势,https://www.stats.gov.cn/sj/zxfb/202512/t20251215_1962075.html
2025-12-15,2025-11,固投累计(亿元),444035,亿元,11月份国民经济延续稳中有进发展态势,https://www.stats.gov.cn/sj/zxfb/202512/t20251215_1962075.html
2025-12-15,2025-11,固投累计同比,-2.6,%,11月份国民经济延续稳中有进发展态势,https://www.stats.gov.cn/sj/zxfb/202512/t20251215_1962075.html
2025-12-15,2025-11,固投季调环比,-1.03,%,11月份国民经济延续稳中有进发展态势,https://www.stats.gov.cn/sj/zxfb/202512/t20251215_1962075.html
2025-12-15,2025-11,基建投资同比,-1.1,%,11月份国民经济延续稳中有进发展态势,https://www.stats.gov.cn/sj/zxfb/202512/t20251215_1962075.html
2025-12-15,2025-11,制造业投资同比,1.9,%,11月份国民经济延续稳中有进发展态势,https://www.stats.gov.cn/sj/zxfb/202512/t20251215_1962075.html
2025-12-15,2025-11,房地产投资同比,-15.9,%,11月份国民经济延续稳中有进发展态势,https://www.stats.gov.cn/sj/zxfb/202512/t20251215_1962075.html
2025-12-15,2025-11,民间投资同比,-5.3,%,11月份国民经济延续稳中有进发展态势,https://www.stats.gov.cn/sj/zxfb/202512/t20251215_1962075.html
2025-12-15,2025-11,城镇调查失业率,5.1,%,11月份国民经济延续稳中有进发展态势,https://www.stats.gov.cn/sj/zxfb/202512/t20251215_1962075.html
2025-12-15,2025-11,进出口总额(亿元),412076,亿元,11月份国民经济延续稳中有进发展态势,https://www.stats.gov.cn/sj/zxfb/202512/t20251215_1962075.html
2025-12-15,2025-11,进出口同比,3.6,%,11月份国民经济延续稳中有进发展态势,https://www.stats.gov.cn/sj/zxfb/202512/t20251215_1962075.html
2025-12-15,2025-11,出口额(亿元),244579,亿元,11月份国民经济延续稳中有进发展态势,https://www.stats.gov.cn/sj/zxfb/202512/t20251215_1962075.html
2025-12-15,2025-11,出口同比,6.2,%,11月份国民经济延续稳中有进发展态势,https://www.stats.gov.cn/sj/zxfb/202512/t20251215_1962075.html
2025-12-15,2025-11,进口额(亿元),167498,亿元,11月份国民经济延续稳中有进发展态势,https://www.stats.gov.cn/sj/zxfb/202512/t20251215_1962075.html
2025-12-15,2025-11,进口同比,0.2,%,11月份国民经济延续稳中有进发展态势,https://www.stats.gov.cn/sj/zxfb/202512/t20251215_1962075.html
2025-11-14,2025-10,工业增加值同比,4.9,%,10月份国民经济运行基本平稳 稳中有进态势持续,https://www.stats.gov.cn/sj/zxfb/202511/t20251114_1961858.html
2025-11-14,2025-10,工业增加值环比,0.17,%,10月份国民经济运行基本平稳 稳中有进态势持续,https://www.stats.gov.cn/sj/zxfb/202511/t20251114_1961858.html
2025-11-14,2025-10,服务业生产指数同比,4.6,%,10月份国民经济运行基本平稳 稳中有进态势持续,https://www.stats.gov.cn/sj/zxfb/202511/t20251114_1961858.html
2025-11-14,2025-10,社零当月(亿元),46291,亿元,10月份国民经济运行基本平稳 稳中有进态势持续,https://www.stats.gov.cn/sj/zxfb/202511/t20251114_1961858.html
2025-11-14,2025-10,社零同比,2.9,%,10月份国民经济运行基本平稳 稳中有进态势持续,https://www.stats.gov.cn/sj/zxfb/202511/t20251114_1961858.html
2025-11-14,2025-10,固投累计(亿元),408914,亿元,10月份国民经济运行基本平稳 稳中有进态势持续,https://www.stats.gov.cn/sj/zxfb/202511/t20251114_1961858.html
2025-11-14,2025-10,固投累计同比,-1.7,%,10月份国民经济运行基本平稳 稳中有进态势持续,https://www.stats.gov.cn/sj/zxfb/202511/t20251114_1961858.html
2025-11-14,2025-10,固投季调环比,-1.62,%,10月份国民经济运行基本平稳 稳中有进态势持续,https://www.stats.gov.cn/sj/zxfb/202511/t20251114_1961858.html
2025-11-14,2025-10,基建投资同比,-0.1,%,10月份国民经济运行基本平稳 稳中有进态势持续,https://www.stats.gov.cn/sj/zxfb/202511/t20251114_1961858.html
2025-11-14,2025-10,制造业投资同比,2.7,%,10月份国民经济运行基本平稳 稳中有进态势持续,https://www.stats.gov.cn/sj/zxfb/202511/t20251114_1961858.html
2025-11-14,2025-10,房地产投资同比,-14.7,%,10月份国民经济运行基本平稳 稳中有进态势持续,https://www.stats.gov.cn/sj/zxfb/202511/t20251114_1961858.html
2025-11-14,2025-10,民间投资同比,-4.5,%,10月份国民经济运行基本平稳 稳中有进态势持续,https://www.stats.gov.cn/sj/zxfb/202511/t20251114_1961858.html
2025-11-14,2025-10,城镇调查失业率,5.1,%,10月份国民经济运行基本平稳 稳中有进态势持续,https://www.stats.gov.cn/sj/zxfb/202511/t20251114_1961858.html
2025-11-14,2025-10,进出口总额(亿元),37028,亿元,10月份国民经济运行基本平稳 稳中有进态势持续,https://www.stats.gov.cn/sj/zxfb/202511/t20251114_1961858.html
2025-11-14,2025-10,进出口同比,0.1,%,10月份国民经济运行基本平稳 稳中有进态势持续,https://www.stats.gov.cn/sj/zxfb/202511/t20251114_1961858.html
2025-11-14,2025-10,出口额(亿元),21716,亿元,10月份国民经济运行基本平稳 稳中有进态势持续,https://www.stats.gov.cn/sj/zxfb/202511/t20251114_1961858.html
2025-11-14,2025-10,出口同比,-0.8,%,10月份国民经济运行基本平稳 稳中有进态势持续,https://www.stats.gov.cn/sj/zxfb/202511/t20251114_1961858.html
2025-11-14,2025-10,进口额(亿元),15311,亿元,10月份国民经济运行基本平稳 稳中有进态势持续,https://www.stats.gov.cn/sj/zxfb/202511/t20251114_1961858.html
2025-11-14,2025-10,进口同比,1.4,%,10月份国民经济运行基本平稳 稳中有进态势持续,https://www.stats.gov.cn/sj/zxfb/202511/t20251114_1961858.html
2025-09-15,2025-08,工业增加值同比,5.2,%,8月份国民经济运行总体平稳、稳中有进,https://www.stats.gov.cn/sj/zxfb/202509/t20250915_1961181.html
2025-09-15,2025-08,工业增加值环比,0.37,%,8月份国民经济运行总体平稳、稳中有进,https://www.stats.gov.cn/sj/zxfb/202509/t20250915_1961181.html
2025-09-15,2025-08,服务业生产指数同比,5.6,%,8月份国民经济运行总体平稳、稳中有进,https://www.stats.gov.cn/sj/zxfb/202509/t20250915_1961181.html
2025-09-15,2025-08,社零当月(亿元),39668,亿元,8月份国民经济运行总体平稳、稳中有进,https://www.stats.gov.cn/sj/zxfb/202509/t20250915_1961181.html
2025-09-15,2025-08,社零同比,3.4,%,8月份国民经济运行总体平稳、稳中有进,https://www.stats.gov.cn/sj/zxfb/202509/t20250915_1961181.html
2025-09-15,2025-08,固投累计(亿元),326111,亿元,8月份国民经济运行总体平稳、稳中有进,https://www.stats.gov.cn/sj/zxfb/202509/t20250915_1961181.html
2025-09-15,2025-08,固投累计同比,0.5,%,8月份国民经济运行总体平稳、稳中有进,https://www.stats.gov.cn/sj/zxfb/202509/t20250915_1961181.html
2025-09-15,2025-08,固投季调环比,-0.20,%,8月份国民经济运行总体平稳、稳中有进,https://www.stats.gov.cn/sj/zxfb/202509/t20250915_1961181.html
2025-09-15,2025-08,基建投资同比,2.0,%,8月份国民经济运行总体平稳、稳中有进,https://www.stats.gov.cn/sj/zxfb/202509/t20250915_1961181.html
2025-09-15,2025-08,制造业投资同比,5.1,%,8月份国民经济运行总体平稳、稳中有进,https://www.stats.gov.cn/sj/zxfb/202509/t20250915_1961181.html
2025-09-15,2025-08,房地产投资同比,-12.9,%,8月份国民经济运行总体平稳、稳中有进,https://www.stats.gov.cn/sj/zxfb/202509/t20250915_1961181.html
2025-09-15,2025-08,民间投资同比,-2.3,%,8月份国民经济运行总体平稳、稳中有进,https://www.stats.gov.cn/sj/zxfb/202509/t20250915_1961181.html
2025-09-15,2025-08,城镇调查失业率,5.3,%,8月份国民经济运行总体平稳、稳中有进,https://www.stats.gov.cn/sj/zxfb/202509/t20250915_1961181.html
2025-09-15,2025-08,进出口总额(亿元),38744,亿元,8月份国民经济运行总体平稳、稳中有进,https://www.stats.gov.cn/sj/zxfb/202509/t20250915_1961181.html
2025-09-15,2025-08,进出口同比,3.5,%,8月份国民经济运行总体平稳、稳中有进,https://www.stats.gov.cn/sj/zxfb/202509/t20250915_1961181.html
2025-09-15,2025-08,出口额(亿元),23035,亿元,8月份国民经济运行总体平稳、稳中有进,https://www.stats.gov.cn/sj/zxfb/202509/t20250915_1961181.html
2025-09-15,2025-08,出口同比,4.8,%,8月份国民经济运行总体平稳、稳中有进,https://www.stats.gov.cn/sj/zxfb/202509/t20250915_1961181.html
2025-09-15,2025-08,进口额(亿元),15709,亿元,8月份国民经济运行总体平稳、稳中有进,https://www.stats.gov.cn/sj/zxfb/202509/t20250915_1961181.html
2025-09-15,2025-08,进口同比,1.7,%,8月份国民经济运行总体平稳、稳中有进,https://www.stats.gov.cn/sj/zxfb/202509/t20250915_1961181.html
2025-08-15,2025-07,工业增加值同比,5.7,%,7月份国民经济保持稳中有进发展态势,https://www.stats.gov.cn/sj/zxfb/202508/t20250815_1960789.html
2025-08-15,2025-07,工业增加值环比,0.38,%,7月份国民经济保持稳中有进发展态势,https://www.stats.gov.cn/sj/zxfb/202508/t20250815_1960789.html
2025-08-15,2025-07,服务业生产指数同比,5.8,%,7月份国民经济保持稳中有进发展态势,https://www.stats.gov.cn/sj/zxfb/202508/t20250815_1960789.html
2025-08-15,2025-07,社零当月(亿元),38780,亿元,7月份国民经济保持稳中有进发展态势,https://www.stats.gov.cn/sj/zxfb/202508/t20250815_1960789.html
2025-08-15,2025-07,社零同比,3.7,%,7月份国民经济保持稳中有进发展态势,https://www.stats.gov.cn/sj/zxfb/202508/t20250815_1960789.html
2025-08-15,2025-07,固投累计(亿元),288229,亿元,7月份国民经济保持稳中有进发展态势,https://www.stats.gov.cn/sj/zxfb/202508/t20250815_1960789.html
2025-08-15,2025-07,固投累计同比,1.6,%,7月份国民经济保持稳中有进发展态势,https://www.stats.gov.cn/sj/zxfb/202508/t20250815_1960789.html
2025-08-15,2025-07,固投季调环比,-0.63,%,7月份国民经济保持稳中有进发展态势,https://www.stats.gov.cn/sj/zxfb/202508/t20250815_1960789.html
2025-08-15,2025-07,基建投资同比,3.2,%,7月份国民经济保持稳中有进发展态势,https://www.stats.gov.cn/sj/zxfb/202508/t20250815_1960789.html
2025-08-15,2025-07,制造业投资同比,6.2,%,7月份国民经济保持稳中有进发展态势,https://www.stats.gov.cn/sj/zxfb/202508/t20250815_1960789.html
2025-08-15,2025-07,房地产投资同比,-12.0,%,7月份国民经济保持稳中有进发展态势,https://www.stats.gov.cn/sj/zxfb/202508/t20250815_1960789.html
2025-08-15,2025-07,民间投资同比,-1.5,%,7月份国民经济保持稳中有进发展态势,https://www.stats.gov.cn/sj/zxfb/202508/t20250815_1960789.html
2025-08-15,2025-07,城镇调查失业率,5.2,%,7月份国民经济保持稳中有进发展态势,https://www.stats.gov.cn/sj/zxfb/202508/t20250815_1960789.html
2025-08-15,2025-07,进出口总额(亿元),39102,亿元,7月份国民经济保持稳中有进发展态势,https://www.stats.gov.cn/sj/zxfb/202508/t20250815_1960789.html
2025-08-15,2025-07,进出口同比,6.7,%,7月份国民经济保持稳中有进发展态势,https://www.stats.gov.cn/sj/zxfb/202508/t20250815_1960789.html
2025-08-15,2025-07,出口额(亿元),23077,亿元,7月份国民经济保持稳中有进发展态势,https://www.stats.gov.cn/sj/zxfb/202508/t20250815_1960789.html
2025-08-15,2025-07,出口同比,8.0,%,7月份国民经济保持稳中有进发展态势,https://www.stats.gov.cn/sj/zxfb/202508/t20250815_1960789.html
2025-08-15,2025-07,进口额(亿元),16026,亿元,7月份国民经济保持稳中有进发展态势,https://www.stats.gov.cn/sj/zxfb/202508/t20250815_1960789.html
2025-08-15,2025-07,进口同比,4.8,%,7月份国民经济保持稳中有进发展态势,https://www.stats.gov.cn/sj/zxfb/202508/t20250815_1960789.html
2025-06-16,2025-05,工业增加值同比,5.8,%,5月份国民经济运行总体平稳、稳中有进,https://www.stats.gov.cn/sj/zxfb/202506/t20250616_1960173.html
2025-06-16,2025-05,工业增加值环比,0.61,%,5月份国民经济运行总体平稳、稳中有进,https://www.stats.gov.cn/sj/zxfb/202506/t20250616_1960173.html
2025-06-16,2025-05,服务业生产指数同比,6.2,%,5月份国民经济运行总体平稳、稳中有进,https://www.stats.gov.cn/sj/zxfb/202506/t20250616_1960173.html
2025-06-16,2025-05,社零当月(亿元),41326,亿元,5月份国民经济运行总体平稳、稳中有进,https://www.stats.gov.cn/sj/zxfb/202506/t20250616_1960173.html
2025-06-16,2025-05,社零同比,6.4,%,5月份国民经济运行总体平稳、稳中有进,https://www.stats.gov.cn/sj/zxfb/202506/t20250616_1960173.html
2025-06-16,2025-05,固投累计(亿元),191947,亿元,5月份国民经济运行总体平稳、稳中有进,https://www.stats.gov.cn/sj/zxfb/202506/t20250616_1960173.html
2025-06-16,2025-05,固投累计同比,3.7,%,5月份国民经济运行总体平稳、稳中有进,https://www.stats.gov.cn/sj/zxfb/202506/t20250616_1960173.html
2025-06-16,2025-05,固投季调环比,0.05,%,5月份国民经济运行总体平稳、稳中有进,https://www.stats.gov.cn/sj/zxfb/202506/t20250616_1960173.html
2025-06-16,2025-05,基建投资同比,5.6,%,5月份国民经济运行总体平稳、稳中有进,https://www.stats.gov.cn/sj/zxfb/202506/t20250616_1960173.html
2025-06-16,2025-05,制造业投资同比,8.5,%,5月份国民经济运行总体平稳、稳中有进,https://www.stats.gov.cn/sj/zxfb/202506/t20250616_1960173.html
2025-06-16,2025-05,房地产投资同比,-10.7,%,5月份国民经济运行总体平稳、稳中有进,https://www.stats.gov.cn/sj/zxfb/202506/t20250616_1960173.html
2025-06-16,2025-05,城镇调查失业率,5.0,%,5月份国民经济运行总体平稳、稳中有进,https://www.stats.gov.cn/sj/zxfb/202506/t20250616_1960173.html
2025-06-16,2025-05,进出口总额(亿元),38098,亿元,5月份国民经济运行总体平稳、稳中有进,https://www.stats.gov.cn/sj/zxfb/202506/t20250616_1960173.html
2025-06-16,2025-05,进出口同比,2.7,%,5月份国民经济运行总体平稳、稳中有进,https://www.stats.gov.cn/sj/zxfb/202506/t20250616_1960173.html
2025-06-16,2025-05,出口额(亿元),22767,亿元,5月份国民经济运行总体平稳、稳中有进,https://www.stats.gov.cn/sj/zxfb/202506/t20250616_1960173.html
2025-06-16,2025-05,出口同比,6.3,%,5月份国民经济运行总体平稳、稳中有进,https://www.stats.gov.cn/sj/zxfb/202506/t20250616_1960173.html
2025-06-16,2025-05,进口额(亿元),15331,亿元,5月份国民经济运行总体平稳、稳中有进,https://www.stats.gov.cn/sj/zxfb/202506/t20250616_1960173.html
2025-06-16,2025-05,进口同比,-2.1,%,5月份国民经济运行总体平稳、稳中有进,https://www.stats.gov.cn/sj/zxfb/202506/t20250616_1960173.html
2025-05-19,2025-04,工业增加值同比,6.1,%,4月份国民经济顶住压力稳定增长,https://www.stats.gov.cn/sj/zxfb/202505/t20250519_1959864.html
2025-05-19,2025-04,工业增加值环比,0.22,%,4月份国民经济顶住压力稳定增长,https://www.stats.gov.cn/sj/zxfb/202505/t20250519_1959864.html
2025-05-19,2025-04,服务业生产指数同比,6.0,%,4月份国民经济顶住压力稳定增长,https://www.stats.gov.cn/sj/zxfb/202505/t20250519_1959864.html
2025-05-19,2025-04,社零当月(亿元),37174,亿元,4月份国民经济顶住压力稳定增长,https://www.stats.gov.cn/sj/zxfb/202505/t20250519_1959864.html
2025-05-19,2025-04,社零同比,5.1,%,4月份国民经济顶住压力稳定增长,https://www.stats.gov.cn/sj/zxfb/202505/t20250519_1959864.html
2025-05-19,2025-04,固投累计(亿元),147024,亿元,4月份国民经济顶住压力稳定增长,https://www.stats.gov.cn/sj/zxfb/202505/t20250519_1959864.html
2025-05-19,2025-04,固投累计同比,4.0,%,4月份国民经济顶住压力稳定增长,https://www.stats.gov.cn/sj/zxfb/202505/t20250519_1959864.html
2025-05-19,2025-04,固投季调环比,0.10,%,4月份国民经济顶住压力稳定增长,https://www.stats.gov.cn/sj/zxfb/202505/t20250519_1959864.html
2025-05-19,2025-04,基建投资同比,5.8,%,4月份国民经济顶住压力稳定增长,https://www.stats.gov.cn/sj/zxfb/202505/t20250519_1959864.html
2025-05-19,2025-04,制造业投资同比,8.8,%,4月份国民经济顶住压力稳定增长,https://www.stats.gov.cn/sj/zxfb/202505/t20250519_1959864.html
2025-05-19,2025-04,房地产投资同比,-10.3,%,4月份国民经济顶住压力稳定增长,https://www.stats.gov.cn/sj/zxfb/202505/t20250519_1959864.html
2025-05-19,2025-04,民间投资同比,0.2,%,4月份国民经济顶住压力稳定增长,https://www.stats.gov.cn/sj/zxfb/202505/t20250519_1959864.html
2025-05-19,2025-04,城镇调查失业率,5.1,%,4月份国民经济顶住压力稳定增长,https://www.stats.gov.cn/sj/zxfb/202505/t20250519_1959864.html
2025-05-19,2025-04,进出口总额(亿元),38391,亿元,4月份国民经济顶住压力稳定增长,https://www.stats.gov.cn/sj/zxfb/202505/t20250519_1959864.html
2025-05-19,2025-04,进出口同比,5.6,%,4月份国民经济顶住压力稳定增长,https://www.stats.gov.cn/sj/zxfb/202505/t20250519_1959864.html
2025-05-19,2025-04,出口额(亿元),22645,亿元,4月份国民经济顶住压力稳定增长,https://www.stats.gov.cn/sj/zxfb/202505/t20250519_1959864.html
2025-05-19,2025-04,出口同比,9.3,%,4月份国民经济顶住压力稳定增长,https://www.stats.gov.cn/sj/zxfb/202505/t20250519_1959864.html
2025-05-19,2025-04,进口额(亿元),15745,亿元,4月份国民经济顶住压力稳定增长,https://www.stats.gov.cn/sj/zxfb/202505/t20250519_1959864.html
2025-05-19,2025-04,进口同比,0.8,%,4月份国民经济顶住压力稳定增长,https://www.stats.gov.cn/sj/zxfb/202505/t20250519_1959864.html
2024-12-16,2024-11,工业增加值同比,5.4,%,11月份国民经济稳步回升,https://www.stats.gov.cn/sj/zxfb/202412/t20241216_1957767.html
2024-12-16,2024-11,服务业生产指数同比,6.1,%,11月份国民经济稳步回升,https://www.stats.gov.cn/sj/zxfb/202412/t20241216_1957767.html
2024-12-16,2024-11,社零当月(亿元),43763,亿元,11月份国民经济稳步回升,https://www.stats.gov.cn/sj/zxfb/202412/t20241216_1957767.html
2024-12-16,2024-11,社零同比,3.0,%,11月份国民经济稳步回升,https://www.stats.gov.cn/sj/zxfb/202412/t20241216_1957767.html
2024-12-16,2024-11,固投累计(亿元),465839,亿元,11月份国民经济稳步回升,https://www.stats.gov.cn/sj/zxfb/202412/t20241216_1957767.html
2024-12-16,2024-11,固投累计同比,3.3,%,11月份国民经济稳步回升,https://www.stats.gov.cn/sj/zxfb/202412/t20241216_1957767.html
2024-12-16,2024-11,固投季调环比,0.10,%,11月份国民经济稳步回升,https://www.stats.gov.cn/sj/zxfb/202412/t20241216_1957767.html
2024-12-16,2024-11,基建投资同比,4.2,%,11月份国民经济稳步回升,https://www.stats.gov.cn/sj/zxfb/202412/t20241216_1957767.html
2024-12-16,2024-11,制造业投资同比,9.3,%,11月份国民经济稳步回升,https://www.stats.gov.cn/sj/zxfb/202412/t20241216_1957767.html
2024-12-16,2024-11,房地产投资同比,-10.4,%,11月份国民经济稳步回升,https://www.stats.gov.cn/sj/zxfb/202412/t20241216_1957767.html
2024-12-16,2024-11,民间投资同比,-0.4,%,11月份国民经济稳步回升,https://www.stats.gov.cn/sj/zxfb/202412/t20241216_1957767.html
2024-12-16,2024-11,高技术产业投资同比,8.8,%,11月份国民经济稳步回升,https://www.stats.gov.cn/sj/zxfb/202412/t20241216_1957767.html
2024-12-16,2024-11,城镇调查失业率,5.0,%,11月份国民经济稳步回升,https://www.stats.gov.cn/sj/zxfb/202412/t20241216_1957767.html
2024-12-16,2024-11,CPI同比,0.3,%,11月份国民经济稳步回升,https://www.stats.gov.cn/sj/zxfb/202412/t20241216_1957767.html
2024-12-16,2024-11,进出口总额(亿元),37506,亿元,11月份国民经济稳步回升,https://www.stats.gov.cn/sj/zxfb/202412/t20241216_1957767.html
2024-12-16,2024-11,进出口同比,1.2,%,11月份国民经济稳步回升,https://www.stats.gov.cn/sj/zxfb/202412/t20241216_1957767.html
2024-12-16,2024-11,出口额(亿元),22217,亿元,11月份国民经济稳步回升,https://www.stats.gov.cn/sj/zxfb/202412/t20241216_1957767.html
2024-12-16,2024-11,出口同比,5.8,%,11月份国民经济稳步回升,https://www.stats.gov.cn/sj/zxfb/202412/t20241216_1957767.html
2024-12-16,2024-11,进口额(亿元),15289,亿元,11月份国民经济稳步回升,https://www.stats.gov.cn/sj/zxfb/202412/t20241216_1957767.html
2024-12-16,2024-11,进口同比,-4.7,%,11月份国民经济稳步回升,https://www.stats.gov.cn/sj/zxfb/202412/t20241216_1957767.html
2024-11-15,2024-10,工业增加值同比,5.3,%,10月份国民经济运行稳中有进 主要经济指标回升明显,https://www.stats.gov.cn/sj/zxfb/202411/t20241115_1957431.html
2024-11-15,2024-10,服务业生产指数同比,6.3,%,10月份国民经济运行稳中有进 主要经济指标回升明显,https://www.stats.gov.cn/sj/zxfb/202411/t20241115_1957431.html
2024-11-15,2024-10,社零当月(亿元),45396,亿元,10月份国民经济运行稳中有进 主要经济指标回升明显,https://www.stats.gov.cn/sj/zxfb/202411/t20241115_1957431.html
2024-11-15,2024-10,社零同比,4.8,%,10月份国民经济运行稳中有进 主要经济指标回升明显,https://www.stats.gov.cn/sj/zxfb/202411/t20241115_1957431.html
2024-11-15,2024-10,固投累计(亿元),423222,亿元,10月份国民经济运行稳中有进 主要经济指标回升明显,https://www.stats.gov.cn/sj/zxfb/202411/t20241115_1957431.html
2024-11-15,2024-10,固投累计同比,3.4,%,10月份国民经济运行稳中有进 主要经济指标回升明显,https://www.stats.gov.cn/sj/zxfb/202411/t20241115_1957431.html
2024-11-15,2024-10,固投季调环比,0.16,%,10月份国民经济运行稳中有进 主要经济指标回升明显,https://www.stats.gov.cn/sj/zxfb/202411/t20241115_1957431.html
2024-11-15,2024-10,基建投资同比,4.3,%,10月份国民经济运行稳中有进 主要经济指标回升明显,https://www.stats.gov.cn/sj/zxfb/202411/t20241115_1957431.html
2024-11-15,2024-10,制造业投资同比,9.3,%,10月份国民经济运行稳中有进 主要经济指标回升明显,https://www.stats.gov.cn/sj/zxfb/202411/t20241115_1957431.html
2024-11-15,2024-10,房地产投资同比,-10.3,%,10月份国民经济运行稳中有进 主要经济指标回升明显,https://www.stats.gov.cn/sj/zxfb/202411/t20241115_1957431.html
2024-11-15,2024-10,民间投资同比,-0.3,%,10月份国民经济运行稳中有进 主要经济指标回升明显,https://www.stats.gov.cn/sj/zxfb/202411/t20241115_1957431.html
2024-11-15,2024-10,高技术产业投资同比,9.3,%,10月份国民经济运行稳中有进 主要经济指标回升明显,https://www.stats.gov.cn/sj/zxfb/202411/t20241115_1957431.html
2024-11-15,2024-10,城镇调查失业率,5.0,%,10月份国民经济运行稳中有进 主要经济指标回升明显,https://www.stats.gov.cn/sj/zxfb/202411/t20241115_1957431.html
2024-11-15,2024-10,CPI同比,0.3,%,10月份国民经济运行稳中有进 主要经济指标回升明显,https://www.stats.gov.cn/sj/zxfb/202411/t20241115_1957431.html
2024-11-15,2024-10,进出口总额(亿元),360219,亿元,10月份国民经济运行稳中有进 主要经济指标回升明显,https://www.stats.gov.cn/sj/zxfb/202411/t20241115_1957431.html
2024-11-15,2024-10,进出口同比,5.2,%,10月份国民经济运行稳中有进 主要经济指标回升明显,https://www.stats.gov.cn/sj/zxfb/202411/t20241115_1957431.html
2024-11-15,2024-10,出口额(亿元),208028,亿元,10月份国民经济运行稳中有进 主要经济指标回升明显,https://www.stats.gov.cn/sj/zxfb/202411/t20241115_1957431.html
2024-11-15,2024-10,出口同比,6.7,%,10月份国民经济运行稳中有进 主要经济指标回升明显,https://www.stats.gov.cn/sj/zxfb/202411/t20241115_1957431.html
2024-11-15,2024-10,进口额(亿元),152191,亿元,10月份国民经济运行稳中有进 主要经济指标回升明显,https://www.stats.gov.cn/sj/zxfb/202411/t20241115_1957431.html
2024-11-15,2024-10,进口同比,3.2,%,10月份国民经济运行稳中有进 主要经济指标回升明显,https://www.stats.gov.cn/sj/zxfb/202411/t20241115_1957431.html
2024-09-14,2024-08,工业增加值同比,4.5,%,8月份国民经济运行总体平稳,https://www.stats.gov.cn/sj/zxfb/202409/t20240914_1956487.html
2024-09-14,2024-08,服务业生产指数同比,4.6,%,8月份国民经济运行总体平稳,https://www.stats.gov.cn/sj/zxfb/202409/t20240914_1956487.html
2024-09-14,2024-08,社零当月(亿元),38726,亿元,8月份国民经济运行总体平稳,https://www.stats.gov.cn/sj/zxfb/202409/t20240914_1956487.html
2024-09-14,2024-08,社零同比,2.1,%,8月份国民经济运行总体平稳,https://www.stats.gov.cn/sj/zxfb/202409/t20240914_1956487.html
2024-09-14,2024-08,固投累计(亿元),329385,亿元,8月份国民经济运行总体平稳,https://www.stats.gov.cn/sj/zxfb/202409/t20240914_1956487.html
2024-09-14,2024-08,固投累计同比,3.4,%,8月份国民经济运行总体平稳,https://www.stats.gov.cn/sj/zxfb/202409/t20240914_1956487.html
2024-09-14,2024-08,固投季调环比,0.16,%,8月份国民经济运行总体平稳,https://www.stats.gov.cn/sj/zxfb/202409/t20240914_1956487.html
2024-09-14,2024-08,基建投资同比,4.4,%,8月份国民经济运行总体平稳,https://www.stats.gov.cn/sj/zxfb/202409/t20240914_1956487.html
2024-09-14,2024-08,制造业投资同比,9.1,%,8月份国民经济运行总体平稳,https://www.stats.gov.cn/sj/zxfb/202409/t20240914_1956487.html
2024-09-14,2024-08,房地产投资同比,-10.2,%,8月份国民经济运行总体平稳,https://www.stats.gov.cn/sj/zxfb/202409/t20240914_1956487.html
2024-09-14,2024-08,民间投资同比,-0.2,%,8月份国民经济运行总体平稳,https://www.stats.gov.cn/sj/zxfb/202409/t20240914_1956487.html
2024-09-14,2024-08,高技术产业投资同比,10.2,%,8月份国民经济运行总体平稳,https://www.stats.gov.cn/sj/zxfb/202409/t20240914_1956487.html
2024-09-14,2024-08,城镇调查失业率,5.3,%,8月份国民经济运行总体平稳,https://www.stats.gov.cn/sj/zxfb/202409/t20240914_1956487.html
2024-09-14,2024-08,CPI同比,0.2,%,8月份国民经济运行总体平稳,https://www.stats.gov.cn/sj/zxfb/202409/t20240914_1956487.html
2024-08-15,2024-07,工业增加值同比,5.1,%,7月份国民经济运行总体平稳、稳中有进,https://www.stats.gov.cn/sj/zxfb/202408/t20240815_1955986.html
2024-08-15,2024-07,服务业生产指数同比,4.8,%,7月份国民经济运行总体平稳、稳中有进,https://www.stats.gov.cn/sj/zxfb/202408/t20240815_1955986.html
2024-08-15,2024-07,社零当月(亿元),37757,亿元,7月份国民经济运行总体平稳、稳中有进,https://www.stats.gov.cn/sj/zxfb/202408/t20240815_1955986.html
2024-08-15,2024-07,社零同比,2.7,%,7月份国民经济运行总体平稳、稳中有进,https://www.stats.gov.cn/sj/zxfb/202408/t20240815_1955986.html
2024-08-15,2024-07,固投累计(亿元),287611,亿元,7月份国民经济运行总体平稳、稳中有进,https://www.stats.gov.cn/sj/zxfb/202408/t20240815_1955986.html
2024-08-15,2024-07,固投累计同比,3.6,%,7月份国民经济运行总体平稳、稳中有进,https://www.stats.gov.cn/sj/zxfb/202408/t20240815_1955986.html
2024-08-15,2024-07,固投季调环比,-0.17,%,7月份国民经济运行总体平稳、稳中有进,https://www.stats.gov.cn/sj/zxfb/202408/t20240815_1955986.html
2024-08-15,2024-07,基建投资同比,4.9,%,7月份国民经济运行总体平稳、稳中有进,https://www.stats.gov.cn/sj/zxfb/202408/t20240815_1955986.html
2024-08-15,2024-07,制造业投资同比,9.3,%,7月份国民经济运行总体平稳、稳中有进,https://www.stats.gov.cn/sj/zxfb/202408/t20240815_1955986.html
2024-08-15,2024-07,房地产投资同比,-10.2,%,7月份国民经济运行总体平稳、稳中有进,https://www.stats.gov.cn/sj/zxfb/202408/t20240815_1955986.html
2024-08-15,2024-07,高技术产业投资同比,10.4,%,7月份国民经济运行总体平稳、稳中有进,https://www.stats.gov.cn/sj/zxfb/202408/t20240815_1955986.html
2024-08-15,2024-07,城镇调查失业率,5.2,%,7月份国民经济运行总体平稳、稳中有进,https://www.stats.gov.cn/sj/zxfb/202408/t20240815_1955986.html
2024-08-15,2024-07,CPI同比,0.2,%,7月份国民经济运行总体平稳、稳中有进,https://www.stats.gov.cn/sj/zxfb/202408/t20240815_1955986.html
2024-06-17,2024-05,工业增加值同比,5.6,%,5月份国民经济延续回升向好态势 运行总体平稳,https://www.stats.gov.cn/sj/zxfb/202406/t20240617_1954710.html
2024-06-17,2024-05,工业增加值环比,0.30,%,5月份国民经济延续回升向好态势 运行总体平稳,https://www.stats.gov.cn/sj/zxfb/202406/t20240617_1954710.html
2024-06-17,2024-05,服务业生产指数同比,4.8,%,5月份国民经济延续回升向好态势 运行总体平稳,https://www.stats.gov.cn/sj/zxfb/202406/t20240617_1954710.html
2024-06-17,2024-05,社零当月(亿元),39211,亿元,5月份国民经济延续回升向好态势 运行总体平稳,https://www.stats.gov.cn/sj/zxfb/202406/t20240617_1954710.html
2024-06-17,2024-05,社零同比,3.7,%,5月份国民经济延续回升向好态势 运行总体平稳,https://www.stats.gov.cn/sj/zxfb/202406/t20240617_1954710.html
2024-06-17,2024-05,固投累计(亿元),188006,亿元,5月份国民经济延续回升向好态势 运行总体平稳,https://www.stats.gov.cn/sj/zxfb/202406/t20240617_1954710.html
2024-06-17,2024-05,固投累计同比,4.0,%,5月份国民经济延续回升向好态势 运行总体平稳,https://www.stats.gov.cn/sj/zxfb/202406/t20240617_1954710.html
2024-06-17,2024-05,固投季调环比,-0.04,%,5月份国民经济延续回升向好态势 运行总体平稳,https://www.stats.gov.cn/sj/zxfb/202406/t20240617_1954710.html
2024-06-17,2024-05,基建投资同比,5.7,%,5月份国民经济延续回升向好态势 运行总体平稳,https://www.stats.gov.cn/sj/zxfb/202406/t20240617_1954710.html
2024-06-17,2024-05,制造业投资同比,9.6,%,5月份国民经济延续回升向好态势 运行总体平稳,https://www.stats.gov.cn/sj/zxfb/202406/t20240617_1954710.html
2024-06-17,2024-05,房地产投资同比,-10.1,%,5月份国民经济延续回升向好态势 运行总体平稳,https://www.stats.gov.cn/sj/zxfb/202406/t20240617_1954710.html
2024-06-17,2024-05,高技术产业投资同比,11.5,%,5月份国民经济延续回升向好态势 运行总体平稳,https://www.stats.gov.cn/sj/zxfb/202406/t20240617_1954710.html
2024-06-17,2024-05,城镇调查失业率,5.0,%,5月份国民经济延续回升向好态势 运行总体平稳,https://www.stats.gov.cn/sj/zxfb/202406/t20240617_1954710.html
2024-06-17,2024-05,CPI同比,0.1,%,5月份国民经济延续回升向好态势 运行总体平稳,https://www.stats.gov.cn/sj/zxfb/202406/t20240617_1954710.html
2024-06-17,2024-05,进出口总额(亿元),37077,亿元,5月份国民经济延续回升向好态势 运行总体平稳,https://www.stats.gov.cn/sj/zxfb/202406/t20240617_1954710.html
2024-06-17,2024-05,进出口同比,8.6,%,5月份国民经济延续回升向好态势 运行总体平稳,https://www.stats.gov.cn/sj/zxfb/202406/t20240617_1954710.html
2024-06-17,2024-05,出口额(亿元),21471,亿元,5月份国民经济延续回升向好态势 运行总体平稳,https://www.stats.gov.cn/sj/zxfb/202406/t20240617_1954710.html
2024-06-17,2024-05,出口同比,11.2,%,5月份国民经济延续回升向好态势 运行总体平稳,https://www.stats.gov.cn/sj/zxfb/202406/t20240617_1954710.html
2024-06-17,2024-05,进口额(亿元),15607,亿元,5月份国民经济延续回升向好态势 运行总体平稳,https://www.stats.gov.cn/sj/zxfb/202406/t20240617_1954710.html
2024-06-17,2024-05,进口同比,5.2,%,5月份国民经济延续回升向好态势 运行总体平稳,https://www.stats.gov.cn/sj/zxfb/202406/t20240617_1954710.html
2024-05-17,2024-04,工业增加值同比,6.7,%,4月份国民经济运行延续回升向好态势,https://www.stats.gov.cn/sj/zxfb/202405/t20240517_1950397.html
2024-05-17,2024-04,服务业生产指数同比,3.5,%,4月份国民经济运行延续回升向好态势,https://www.stats.gov.cn/sj/zxfb/202405/t20240517_1950397.html
2024-05-17,2024-04,社零当月(亿元),35699,亿元,4月份国民经济运行延续回升向好态势,https://www.stats.gov.cn/sj/zxfb/202405/t20240517_1950397.html
2024-05-17,2024-04,社零同比,2.3,%,4月份国民经济运行延续回升向好态势,https://www.stats.gov.cn/sj/zxfb/202405/t20240517_1950397.html
2024-05-17,2024-04,固投累计(亿元),143401,亿元,4月份国民经济运行延续回升向好态势,https://www.stats.gov.cn/sj/zxfb/202405/t20240517_1950397.html
2024-05-17,2024-04,固投累计同比,4.2,%,4月份国民经济运行延续回升向好态势,https://www.stats.gov.cn/sj/zxfb/202405/t20240517_1950397.html
2024-05-17,2024-04,固投季调环比,-0.03,%,4月份国民经济运行延续回升向好态势,https://www.stats.gov.cn/sj/zxfb/202405/t20240517_1950397.html
2024-05-17,2024-04,基建投资同比,6.0,%,4月份国民经济运行延续回升向好态势,https://www.stats.gov.cn/sj/zxfb/202405/t20240517_1950397.html
2024-05-17,2024-04,制造业投资同比,9.7,%,4月份国民经济运行延续回升向好态势,https://www.stats.gov.cn/sj/zxfb/202405/t20240517_1950397.html
2024-05-17,2024-04,房地产投资同比,-9.8,%,4月份国民经济运行延续回升向好态势,https://www.stats.gov.cn/sj/zxfb/202405/t20240517_1950397.html
2024-05-17,2024-04,高技术产业投资同比,11.1,%,4月份国民经济运行延续回升向好态势,https://www.stats.gov.cn/sj/zxfb/202405/t20240517_1950397.html
2024-05-17,2024-04,城镇调查失业率,5.0,%,4月份国民经济运行延续回升向好态势,https://www.stats.gov.cn/sj/zxfb/202405/t20240517_1950397.html
2024-05-17,2024-04,CPI同比,0.1,%,4月份国民经济运行延续回升向好态势,https://www.stats.gov.cn/sj/zxfb/202405/t20240517_1950397.html
2024-05-17,2024-04,进出口总额(亿元),36389,亿元,4月份国民经济运行延续回升向好态势,https://www.stats.gov.cn/sj/zxfb/202405/t20240517_1950397.html
2024-05-17,2024-04,进出口同比,8.0,%,4月份国民经济运行延续回升向好态势,https://www.stats.gov.cn/sj/zxfb/202405/t20240517_1950397.html
2024-05-17,2024-04,出口额(亿元),20762,亿元,4月份国民经济运行延续回升向好态势,https://www.stats.gov.cn/sj/zxfb/202405/t20240517_1950397.html
2024-05-17,2024-04,出口同比,5.1,%,4月份国民经济运行延续回升向好态势,https://www.stats.gov.cn/sj/zxfb/202405/t20240517_1950397.html
2024-05-17,2024-04,进口额(亿元),15627,亿元,4月份国民经济运行延续回升向好态势,https://www.stats.gov.cn/sj/zxfb/202405/t20240517_1950397.html
2024-05-17,2024-04,进口同比,12.2,%,4月份国民经济运行延续回升向好态势,https://www.stats.gov.cn/sj/zxfb/202405/t20240517_1950397.html
2023-12-15,2023-11,工业增加值同比,6.6,%,11月份国民经济持续回升向好,https://www.stats.gov.cn/sj/zxfb/202312/t20231215_1945570.html
2023-12-15,2023-11,服务业生产指数同比,9.3,%,11月份国民经济持续回升向好,https://www.stats.gov.cn/sj/zxfb/202312/t20231215_1945570.html
2023-12-15,2023-11,社零当月(亿元),42505,亿元,11月份国民经济持续回升向好,https://www.stats.gov.cn/sj/zxfb/202312/t20231215_1945570.html
2023-12-15,2023-11,社零同比,10.1,%,11月份国民经济持续回升向好,https://www.stats.gov.cn/sj/zxfb/202312/t20231215_1945570.html
2023-12-15,2023-11,固投累计(亿元),460814,亿元,11月份国民经济持续回升向好,https://www.stats.gov.cn/sj/zxfb/202312/t20231215_1945570.html
2023-12-15,2023-11,固投累计同比,2.9,%,11月份国民经济持续回升向好,https://www.stats.gov.cn/sj/zxfb/202312/t20231215_1945570.html
2023-12-15,2023-11,固投季调环比,0.26,%,11月份国民经济持续回升向好,https://www.stats.gov.cn/sj/zxfb/202312/t20231215_1945570.html
2023-12-15,2023-11,基建投资同比,5.8,%,11月份国民经济持续回升向好,https://www.stats.gov.cn/sj/zxfb/202312/t20231215_1945570.html
2023-12-15,2023-11,制造业投资同比,6.3,%,11月份国民经济持续回升向好,https://www.stats.gov.cn/sj/zxfb/202312/t20231215_1945570.html
2023-12-15,2023-11,房地产投资同比,-9.4,%,11月份国民经济持续回升向好,https://www.stats.gov.cn/sj/zxfb/202312/t20231215_1945570.html
2023-12-15,2023-11,民间投资同比,9.1,%,11月份国民经济持续回升向好,https://www.stats.gov.cn/sj/zxfb/202312/t20231215_1945570.html
2023-12-15,2023-11,高技术产业投资同比,10.5,%,11月份国民经济持续回升向好,https://www.stats.gov.cn/sj/zxfb/202312/t20231215_1945570.html
2023-12-15,2023-11,城镇调查失业率,5.0,%,11月份国民经济持续回升向好,https://www.stats.gov.cn/sj/zxfb/202312/t20231215_1945570.html
2023-12-15,2023-11,CPI同比,0.3,%,11月份国民经济持续回升向好,https://www.stats.gov.cn/sj/zxfb/202312/t20231215_1945570.html
2023-11-15,2023-10,工业增加值同比,4.6,%,10月份国民经济持续恢复向好,https://www.stats.gov.cn/sj/zxfb/202311/t20231115_1944527.html
2023-11-15,2023-10,服务业生产指数同比,7.7,%,10月份国民经济持续恢复向好,https://www.stats.gov.cn/sj/zxfb/202311/t20231115_1944527.html
2023-11-15,2023-10,社零当月(亿元),43333,亿元,10月份国民经济持续恢复向好,https://www.stats.gov.cn/sj/zxfb/202311/t20231115_1944527.html
2023-11-15,2023-10,社零同比,7.6,%,10月份国民经济持续恢复向好,https://www.stats.gov.cn/sj/zxfb/202311/t20231115_1944527.html
2023-11-15,2023-10,固投累计(亿元),419409,亿元,10月份国民经济持续恢复向好,https://www.stats.gov.cn/sj/zxfb/202311/t20231115_1944527.html
2023-11-15,2023-10,固投累计同比,2.9,%,10月份国民经济持续恢复向好,https://www.stats.gov.cn/sj/zxfb/202311/t20231115_1944527.html
2023-11-15,2023-10,固投季调环比,0.10,%,10月份国民经济持续恢复向好,https://www.stats.gov.cn/sj/zxfb/202311/t20231115_1944527.html
2023-11-15,2023-10,基建投资同比,5.9,%,10月份国民经济持续恢复向好,https://www.stats.gov.cn/sj/zxfb/202311/t20231115_1944527.html
2023-11-15,2023-10,制造业投资同比,6.2,%,10月份国民经济持续恢复向好,https://www.stats.gov.cn/sj/zxfb/202311/t20231115_1944527.html
2023-11-15,2023-10,房地产投资同比,-9.3,%,10月份国民经济持续恢复向好,https://www.stats.gov.cn/sj/zxfb/202311/t20231115_1944527.html
2023-11-15,2023-10,民间投资同比,9.1,%,10月份国民经济持续恢复向好,https://www.stats.gov.cn/sj/zxfb/202311/t20231115_1944527.html
2023-11-15,2023-10,高技术产业投资同比,11.1,%,10月份国民经济持续恢复向好,https://www.stats.gov.cn/sj/zxfb/202311/t20231115_1944527.html
2023-11-15,2023-10,城镇调查失业率,5.0,%,10月份国民经济持续恢复向好,https://www.stats.gov.cn/sj/zxfb/202311/t20231115_1944527.html
2023-11-15,2023-10,CPI同比,0.4,%,10月份国民经济持续恢复向好,https://www.stats.gov.cn/sj/zxfb/202311/t20231115_1944527.html
2023-11-15,2023-10,进出口总额(亿元),343199,亿元,10月份国民经济持续恢复向好,https://www.stats.gov.cn/sj/zxfb/202311/t20231115_1944527.html
2023-11-15,2023-10,进出口同比,0.03,%,10月份国民经济持续恢复向好,https://www.stats.gov.cn/sj/zxfb/202311/t20231115_1944527.html
2023-11-15,2023-10,出口额(亿元),195543,亿元,10月份国民经济持续恢复向好,https://www.stats.gov.cn/sj/zxfb/202311/t20231115_1944527.html
2023-11-15,2023-10,出口同比,0.4,%,10月份国民经济持续恢复向好,https://www.stats.gov.cn/sj/zxfb/202311/t20231115_1944527.html
2023-11-15,2023-10,进口额(亿元),147656,亿元,10月份国民经济持续恢复向好,https://www.stats.gov.cn/sj/zxfb/202311/t20231115_1944527.html
2023-11-15,2023-10,进口同比,-0.5,%,10月份国民经济持续恢复向好,https://www.stats.gov.cn/sj/zxfb/202311/t20231115_1944527.html
2023-09-15,2023-08,工业增加值同比,4.5,%,8月份国民经济恢复向好,https://www.stats.gov.cn/sj/zxfb/202309/t20230915_1942848.html
2023-09-15,2023-08,服务业生产指数同比,6.8,%,8月份国民经济恢复向好,https://www.stats.gov.cn/sj/zxfb/202309/t20230915_1942848.html
2023-09-15,2023-08,社零当月(亿元),37933,亿元,8月份国民经济恢复向好,https://www.stats.gov.cn/sj/zxfb/202309/t20230915_1942848.html
2023-09-15,2023-08,社零同比,4.6,%,8月份国民经济恢复向好,https://www.stats.gov.cn/sj/zxfb/202309/t20230915_1942848.html
2023-09-15,2023-08,固投累计(亿元),327042,亿元,8月份国民经济恢复向好,https://www.stats.gov.cn/sj/zxfb/202309/t20230915_1942848.html
2023-09-15,2023-08,固投累计同比,3.2,%,8月份国民经济恢复向好,https://www.stats.gov.cn/sj/zxfb/202309/t20230915_1942848.html
2023-09-15,2023-08,固投季调环比,0.26,%,8月份国民经济恢复向好,https://www.stats.gov.cn/sj/zxfb/202309/t20230915_1942848.html
2023-09-15,2023-08,基建投资同比,6.4,%,8月份国民经济恢复向好,https://www.stats.gov.cn/sj/zxfb/202309/t20230915_1942848.html
2023-09-15,2023-08,制造业投资同比,5.9,%,8月份国民经济恢复向好,https://www.stats.gov.cn/sj/zxfb/202309/t20230915_1942848.html
2023-09-15,2023-08,房地产投资同比,-8.8,%,8月份国民经济恢复向好,https://www.stats.gov.cn/sj/zxfb/202309/t20230915_1942848.html
2023-09-15,2023-08,高技术产业投资同比,11.3,%,8月份国民经济恢复向好,https://www.stats.gov.cn/sj/zxfb/202309/t20230915_1942848.html
2023-09-15,2023-08,城镇调查失业率,5.2,%,8月份国民经济恢复向好,https://www.stats.gov.cn/sj/zxfb/202309/t20230915_1942848.html
2023-09-15,2023-08,CPI同比,0.5,%,8月份国民经济恢复向好,https://www.stats.gov.cn/sj/zxfb/202309/t20230915_1942848.html
2023-09-15,2023-08,进出口总额(亿元),270833,亿元,8月份国民经济恢复向好,https://www.stats.gov.cn/sj/zxfb/202309/t20230915_1942848.html
2023-09-15,2023-08,进出口同比,-0.1,%,8月份国民经济恢复向好,https://www.stats.gov.cn/sj/zxfb/202309/t20230915_1942848.html
2023-09-15,2023-08,出口额(亿元),154667,亿元,8月份国民经济恢复向好,https://www.stats.gov.cn/sj/zxfb/202309/t20230915_1942848.html
2023-09-15,2023-08,出口同比,0.8,%,8月份国民经济恢复向好,https://www.stats.gov.cn/sj/zxfb/202309/t20230915_1942848.html
2023-09-15,2023-08,进口额(亿元),116166,亿元,8月份国民经济恢复向好,https://www.stats.gov.cn/sj/zxfb/202309/t20230915_1942848.html
2023-09-15,2023-08,进口同比,-1.3,%,8月份国民经济恢复向好,https://www.stats.gov.cn/sj/zxfb/202309/t20230915_1942848.html
2023-08-15,2023-07,工业增加值同比,3.7,%,7月份国民经济持续稳定恢复,https://www.stats.gov.cn/sj/zxfb/202308/t20230815_1941957.html
2023-08-15,2023-07,工业增加值环比,0.01,%,7月份国民经济持续稳定恢复,https://www.stats.gov.cn/sj/zxfb/202308/t20230815_1941957.html
2023-08-15,2023-07,服务业生产指数同比,5.7,%,7月份国民经济持续稳定恢复,https://www.stats.gov.cn/sj/zxfb/202308/t20230815_1941957.html
2023-08-15,2023-07,社零当月(亿元),36761,亿元,7月份国民经济持续稳定恢复,https://www.stats.gov.cn/sj/zxfb/202308/t20230815_1941957.html
2023-08-15,2023-07,社零同比,2.5,%,7月份国民经济持续稳定恢复,https://www.stats.gov.cn/sj/zxfb/202308/t20230815_1941957.html
2023-08-15,2023-07,社零季调环比,-0.06,%,7月份国民经济持续稳定恢复,https://www.stats.gov.cn/sj/zxfb/202308/t20230815_1941957.html
2023-08-15,2023-07,固投累计(亿元),285898,亿元,7月份国民经济持续稳定恢复,https://www.stats.gov.cn/sj/zxfb/202308/t20230815_1941957.html
2023-08-15,2023-07,固投累计同比,3.4,%,7月份国民经济持续稳定恢复,https://www.stats.gov.cn/sj/zxfb/202308/t20230815_1941957.html
2023-08-15,2023-07,固投季调环比,-0.02,%,7月份国民经济持续稳定恢复,https://www.stats.gov.cn/sj/zxfb/202308/t20230815_1941957.html
2023-08-15,2023-07,基建投资同比,6.8,%,7月份国民经济持续稳定恢复,https://www.stats.gov.cn/sj/zxfb/202308/t20230815_1941957.html
2023-08-15,2023-07,制造业投资同比,5.7,%,7月份国民经济持续稳定恢复,https://www.stats.gov.cn/sj/zxfb/202308/t20230815_1941957.html
2023-08-15,2023-07,房地产投资同比,-8.5,%,7月份国民经济持续稳定恢复,https://www.stats.gov.cn/sj/zxfb/202308/t20230815_1941957.html
2023-08-15,2023-07,高技术产业投资同比,11.5,%,7月份国民经济持续稳定恢复,https://www.stats.gov.cn/sj/zxfb/202308/t20230815_1941957.html
2023-08-15,2023-07,城镇调查失业率,5.3,%,7月份国民经济持续稳定恢复,https://www.stats.gov.cn/sj/zxfb/202308/t20230815_1941957.html
2023-08-15,2023-07,CPI同比,0.5,%,7月份国民经济持续稳定恢复,https://www.stats.gov.cn/sj/zxfb/202308/t20230815_1941957.html
2023-08-15,2023-07,进出口总额(亿元),34563,亿元,7月份国民经济持续稳定恢复,https://www.stats.gov.cn/sj/zxfb/202308/t20230815_1941957.html
2023-08-15,2023-07,进出口同比,-8.3,%,7月份国民经济持续稳定恢复,https://www.stats.gov.cn/sj/zxfb/202308/t20230815_1941957.html
2023-08-15,2023-07,出口额(亿元),20160,亿元,7月份国民经济持续稳定恢复,https://www.stats.gov.cn/sj/zxfb/202308/t20230815_1941957.html
2023-08-15,2023-07,出口同比,-9.2,%,7月份国民经济持续稳定恢复,https://www.stats.gov.cn/sj/zxfb/202308/t20230815_1941957.html
2023-08-15,2023-07,进口额(亿元),14403,亿元,7月份国民经济持续稳定恢复,https://www.stats.gov.cn/sj/zxfb/202308/t20230815_1941957.html
2023-08-15,2023-07,进口同比,-6.9,%,7月份国民经济持续稳定恢复,https://www.stats.gov.cn/sj/zxfb/202308/t20230815_1941957.html
2023-06-15,2023-05,工业增加值同比,3.5,%,5月份国民经济继续恢复,https://www.stats.gov.cn/sj/zxfb/202306/t20230615_1940628.html
2023-06-15,2023-05,服务业生产指数同比,11.7,%,5月份国民经济继续恢复,https://www.stats.gov.cn/sj/zxfb/202306/t20230615_1940628.html
2023-06-15,2023-05,社零当月(亿元),37803,亿元,5月份国民经济继续恢复,https://www.stats.gov.cn/sj/zxfb/202306/t20230615_1940628.html
2023-06-15,2023-05,社零同比,12.7,%,5月份国民经济继续恢复,https://www.stats.gov.cn/sj/zxfb/202306/t20230615_1940628.html
2023-06-15,2023-05,固投累计(亿元),188815,亿元,5月份国民经济继续恢复,https://www.stats.gov.cn/sj/zxfb/202306/t20230615_1940628.html
2023-06-15,2023-05,固投累计同比,4.0,%,5月份国民经济继续恢复,https://www.stats.gov.cn/sj/zxfb/202306/t20230615_1940628.html
2023-06-15,2023-05,固投季调环比,0.11,%,5月份国民经济继续恢复,https://www.stats.gov.cn/sj/zxfb/202306/t20230615_1940628.html
2023-06-15,2023-05,基建投资同比,7.5,%,5月份国民经济继续恢复,https://www.stats.gov.cn/sj/zxfb/202306/t20230615_1940628.html
2023-06-15,2023-05,制造业投资同比,6.0,%,5月份国民经济继续恢复,https://www.stats.gov.cn/sj/zxfb/202306/t20230615_1940628.html
2023-06-15,2023-05,房地产投资同比,-7.2,%,5月份国民经济继续恢复,https://www.stats.gov.cn/sj/zxfb/202306/t20230615_1940628.html
2023-06-15,2023-05,高技术产业投资同比,12.8,%,5月份国民经济继续恢复,https://www.stats.gov.cn/sj/zxfb/202306/t20230615_1940628.html
2023-06-15,2023-05,城镇调查失业率,5.2,%,5月份国民经济继续恢复,https://www.stats.gov.cn/sj/zxfb/202306/t20230615_1940628.html
2023-06-15,2023-05,CPI同比,0.8,%,5月份国民经济继续恢复,https://www.stats.gov.cn/sj/zxfb/202306/t20230615_1940628.html
2023-06-15,2023-05,进出口总额(亿元),34460,亿元,5月份国民经济继续恢复,https://www.stats.gov.cn/sj/zxfb/202306/t20230615_1940628.html
2023-06-15,2023-05,进出口同比,0.5,%,5月份国民经济继续恢复,https://www.stats.gov.cn/sj/zxfb/202306/t20230615_1940628.html
2023-06-15,2023-05,出口额(亿元),19492,亿元,5月份国民经济继续恢复,https://www.stats.gov.cn/sj/zxfb/202306/t20230615_1940628.html
2023-06-15,2023-05,出口同比,-0.8,%,5月份国民经济继续恢复,https://www.stats.gov.cn/sj/zxfb/202306/t20230615_1940628.html
2023-06-15,2023-05,进口额(亿元),14968,亿元,5月份国民经济继续恢复,https://www.stats.gov.cn/sj/zxfb/202306/t20230615_1940628.html
2023-06-15,2023-05,进口同比,2.3,%,5月份国民经济继续恢复,https://www.stats.gov.cn/sj/zxfb/202306/t20230615_1940628.html
2023-05-16,2023-04,工业增加值同比,5.6,%,4月份国民经济运行延续恢复向好态势,https://www.stats.gov.cn/sj/zxfb/202305/t20230516_1939486.html
2023-05-16,2023-04,服务业生产指数同比,13.5,%,4月份国民经济运行延续恢复向好态势,https://www.stats.gov.cn/sj/zxfb/202305/t20230516_1939486.html
2023-05-16,2023-04,社零当月(亿元),34910,亿元,4月份国民经济运行延续恢复向好态势,https://www.stats.gov.cn/sj/zxfb/202305/t20230516_1939486.html
2023-05-16,2023-04,社零同比,18.4,%,4月份国民经济运行延续恢复向好态势,https://www.stats.gov.cn/sj/zxfb/202305/t20230516_1939486.html
2023-05-16,2023-04,固投累计(亿元),147482,亿元,4月份国民经济运行延续恢复向好态势,https://www.stats.gov.cn/sj/zxfb/202305/t20230516_1939486.html
2023-05-16,2023-04,固投累计同比,4.7,%,4月份国民经济运行延续恢复向好态势,https://www.stats.gov.cn/sj/zxfb/202305/t20230516_1939486.html
2023-05-16,2023-04,固投季调环比,-0.64,%,4月份国民经济运行延续恢复向好态势,https://www.stats.gov.cn/sj/zxfb/202305/t20230516_1939486.html
2023-05-16,2023-04,基建投资同比,8.5,%,4月份国民经济运行延续恢复向好态势,https://www.stats.gov.cn/sj/zxfb/202305/t20230516_1939486.html
2023-05-16,2023-04,制造业投资同比,6.4,%,4月份国民经济运行延续恢复向好态势,https://www.stats.gov.cn/sj/zxfb/202305/t20230516_1939486.html
2023-05-16,2023-04,房地产投资同比,-6.2,%,4月份国民经济运行延续恢复向好态势,https://www.stats.gov.cn/sj/zxfb/202305/t20230516_1939486.html
2023-05-16,2023-04,高技术产业投资同比,14.7,%,4月份国民经济运行延续恢复向好态势,https://www.stats.gov.cn/sj/zxfb/202305/t20230516_1939486.html
2023-05-16,2023-04,城镇调查失业率,5.2,%,4月份国民经济运行延续恢复向好态势,https://www.stats.gov.cn/sj/zxfb/202305/t20230516_1939486.html
2023-05-16,2023-04,CPI同比,1.0,%,4月份国民经济运行延续恢复向好态势,https://www.stats.gov.cn/sj/zxfb/202305/t20230516_1939486.html
2023-05-16,2023-04,进出口总额(亿元),34347,亿元,4月份国民经济运行延续恢复向好态势,https://www.stats.gov.cn/sj/zxfb/202305/t20230516_1939486.html
2023-05-16,2023-04,进出口同比,8.9,%,4月份国民经济运行延续恢复向好态势,https://www.stats.gov.cn/sj/zxfb/202305/t20230516_1939486.html
2023-05-16,2023-04,出口额(亿元),20265,亿元,4月份国民经济运行延续恢复向好态势,https://www.stats.gov.cn/sj/zxfb/202305/t20230516_1939486.html
2023-05-16,2023-04,出口同比,16.8,%,4月份国民经济运行延续恢复向好态势,https://www.stats.gov.cn/sj/zxfb/202305/t20230516_1939486.html
2023-05-16,2023-04,进口额(亿元),14081,亿元,4月份国民经济运行延续恢复向好态势,https://www.stats.gov.cn/sj/zxfb/202305/t20230516_1939486.html
2023-05-16,2023-04,进口同比,-0.8,%,4月份国民经济运行延续恢复向好态势,https://www.stats.gov.cn/sj/zxfb/202305/t20230516_1939486.html
2022-12-15,2022-11,工业增加值同比,3.8,%,11月份国民经济运行总体延续恢复态势,https://www.stats.gov.cn/sj/zxfb/202302/t20230203_1901678.html
2022-12-15,2022-11,工业增加值环比,-0.31,%,11月份国民经济运行总体延续恢复态势,https://www.stats.gov.cn/sj/zxfb/202302/t20230203_1901678.html
2022-12-15,2022-11,服务业生产指数同比,-0.1,%,11月份国民经济运行总体延续恢复态势,https://www.stats.gov.cn/sj/zxfb/202302/t20230203_1901678.html
2022-12-15,2022-11,社零当月(亿元),399190,亿元,11月份国民经济运行总体延续恢复态势,https://www.stats.gov.cn/sj/zxfb/202302/t20230203_1901678.html
2022-12-15,2022-11,社零同比,-0.1,%,11月份国民经济运行总体延续恢复态势,https://www.stats.gov.cn/sj/zxfb/202302/t20230203_1901678.html
2022-12-15,2022-11,固投累计(亿元),520043,亿元,11月份国民经济运行总体延续恢复态势,https://www.stats.gov.cn/sj/zxfb/202302/t20230203_1901678.html
2022-12-15,2022-11,固投累计同比,5.3,%,11月份国民经济运行总体延续恢复态势,https://www.stats.gov.cn/sj/zxfb/202302/t20230203_1901678.html
2022-12-15,2022-11,固投季调环比,-0.87,%,11月份国民经济运行总体延续恢复态势,https://www.stats.gov.cn/sj/zxfb/202302/t20230203_1901678.html
2022-12-15,2022-11,基建投资同比,8.9,%,11月份国民经济运行总体延续恢复态势,https://www.stats.gov.cn/sj/zxfb/202302/t20230203_1901678.html
2022-12-15,2022-11,制造业投资同比,9.3,%,11月份国民经济运行总体延续恢复态势,https://www.stats.gov.cn/sj/zxfb/202302/t20230203_1901678.html
2022-12-15,2022-11,房地产投资同比,-9.8,%,11月份国民经济运行总体延续恢复态势,https://www.stats.gov.cn/sj/zxfb/202302/t20230203_1901678.html
2022-12-15,2022-11,城镇调查失业率,5.7,%,11月份国民经济运行总体延续恢复态势,https://www.stats.gov.cn/sj/zxfb/202302/t20230203_1901678.html
2022-12-15,2022-11,CPI同比,1.6,%,11月份国民经济运行总体延续恢复态势,https://www.stats.gov.cn/sj/zxfb/202302/t20230203_1901678.html
2022-12-15,2022-11,进出口总额(亿元),383369,亿元,11月份国民经济运行总体延续恢复态势,https://www.stats.gov.cn/sj/zxfb/202302/t20230203_1901678.html
2022-12-15,2022-11,进出口同比,8.6,%,11月份国民经济运行总体延续恢复态势,https://www.stats.gov.cn/sj/zxfb/202302/t20230203_1901678.html
2022-12-15,2022-11,出口额(亿元),218335,亿元,11月份国民经济运行总体延续恢复态势,https://www.stats.gov.cn/sj/zxfb/202302/t20230203_1901678.html
2022-12-15,2022-11,出口同比,11.9,%,11月份国民经济运行总体延续恢复态势,https://www.stats.gov.cn/sj/zxfb/202302/t20230203_1901678.html
2022-12-15,2022-11,进口额(亿元),165033,亿元,11月份国民经济运行总体延续恢复态势,https://www.stats.gov.cn/sj/zxfb/202302/t20230203_1901678.html
2022-12-15,2022-11,进口同比,4.6,%,11月份国民经济运行总体延续恢复态势,https://www.stats.gov.cn/sj/zxfb/202302/t20230203_1901678.html
2022-11-15,2022-10,工业增加值同比,4.0,%,10月份国民经济保持恢复态势,https://www.stats.gov.cn/sj/zxfb/202302/t20230203_1901651.html
2022-11-15,2022-10,服务业生产指数同比,0.1,%,10月份国民经济保持恢复态势,https://www.stats.gov.cn/sj/zxfb/202302/t20230203_1901651.html
2022-11-15,2022-10,社零当月(亿元),360575,亿元,10月份国民经济保持恢复态势,https://www.stats.gov.cn/sj/zxfb/202302/t20230203_1901651.html
2022-11-15,2022-10,社零同比,0.6,%,10月份国民经济保持恢复态势,https://www.stats.gov.cn/sj/zxfb/202302/t20230203_1901651.html
2022-11-15,2022-10,固投累计(亿元),471459,亿元,10月份国民经济保持恢复态势,https://www.stats.gov.cn/sj/zxfb/202302/t20230203_1901651.html
2022-11-15,2022-10,固投累计同比,5.8,%,10月份国民经济保持恢复态势,https://www.stats.gov.cn/sj/zxfb/202302/t20230203_1901651.html
2022-11-15,2022-10,固投季调环比,0.12,%,10月份国民经济保持恢复态势,https://www.stats.gov.cn/sj/zxfb/202302/t20230203_1901651.html
2022-11-15,2022-10,基建投资同比,8.7,%,10月份国民经济保持恢复态势,https://www.stats.gov.cn/sj/zxfb/202302/t20230203_1901651.html
2022-11-15,2022-10,制造业投资同比,9.7,%,10月份国民经济保持恢复态势,https://www.stats.gov.cn/sj/zxfb/202302/t20230203_1901651.html
2022-11-15,2022-10,房地产投资同比,-8.8,%,10月份国民经济保持恢复态势,https://www.stats.gov.cn/sj/zxfb/202302/t20230203_1901651.html
2022-11-15,2022-10,城镇调查失业率,5.5,%,10月份国民经济保持恢复态势,https://www.stats.gov.cn/sj/zxfb/202302/t20230203_1901651.html
2022-11-15,2022-10,CPI同比,2.1,%,10月份国民经济保持恢复态势,https://www.stats.gov.cn/sj/zxfb/202302/t20230203_1901651.html
2022-11-15,2022-10,进出口总额(亿元),346165,亿元,10月份国民经济保持恢复态势,https://www.stats.gov.cn/sj/zxfb/202302/t20230203_1901651.html
2022-11-15,2022-10,进出口同比,9.5,%,10月份国民经济保持恢复态势,https://www.stats.gov.cn/sj/zxfb/202302/t20230203_1901651.html
2022-11-15,2022-10,出口额(亿元),197113,亿元,10月份国民经济保持恢复态势,https://www.stats.gov.cn/sj/zxfb/202302/t20230203_1901651.html
2022-11-15,2022-10,出口同比,13.0,%,10月份国民经济保持恢复态势,https://www.stats.gov.cn/sj/zxfb/202302/t20230203_1901651.html
2022-11-15,2022-10,进口额(亿元),149053,亿元,10月份国民经济保持恢复态势,https://www.stats.gov.cn/sj/zxfb/202302/t20230203_1901651.html
2022-11-15,2022-10,进口同比,5.2,%,10月份国民经济保持恢复态势,https://www.stats.gov.cn/sj/zxfb/202302/t20230203_1901651.html
2022-09-16,2022-08,工业增加值同比,4.2,%,8月份国民经济持续恢复 主要指标总体改善,https://www.stats.gov.cn/sj/zxfb/202302/t20230203_1901579.html
2022-09-16,2022-08,服务业生产指数同比,1.8,%,8月份国民经济持续恢复 主要指标总体改善,https://www.stats.gov.cn/sj/zxfb/202302/t20230203_1901579.html
2022-09-16,2022-08,社零当月(亿元),36258,亿元,8月份国民经济持续恢复 主要指标总体改善,https://www.stats.gov.cn/sj/zxfb/202302/t20230203_1901579.html
2022-09-16,2022-08,社零同比,5.4,%,8月份国民经济持续恢复 主要指标总体改善,https://www.stats.gov.cn/sj/zxfb/202302/t20230203_1901579.html
2022-09-16,2022-08,固投累计(亿元),367106,亿元,8月份国民经济持续恢复 主要指标总体改善,https://www.stats.gov.cn/sj/zxfb/202302/t20230203_1901579.html
2022-09-16,2022-08,固投累计同比,5.8,%,8月份国民经济持续恢复 主要指标总体改善,https://www.stats.gov.cn/sj/zxfb/202302/t20230203_1901579.html
2022-09-16,2022-08,基建投资同比,8.3,%,8月份国民经济持续恢复 主要指标总体改善,https://www.stats.gov.cn/sj/zxfb/202302/t20230203_1901579.html
2022-09-16,2022-08,制造业投资同比,10.0,%,8月份国民经济持续恢复 主要指标总体改善,https://www.stats.gov.cn/sj/zxfb/202302/t20230203_1901579.html
2022-09-16,2022-08,房地产投资同比,-7.4,%,8月份国民经济持续恢复 主要指标总体改善,https://www.stats.gov.cn/sj/zxfb/202302/t20230203_1901579.html
2022-09-16,2022-08,城镇调查失业率,5.3,%,8月份国民经济持续恢复 主要指标总体改善,https://www.stats.gov.cn/sj/zxfb/202302/t20230203_1901579.html
2022-09-16,2022-08,CPI同比,1.9,%,8月份国民经济持续恢复 主要指标总体改善,https://www.stats.gov.cn/sj/zxfb/202302/t20230203_1901579.html
2022-09-16,2022-08,进出口总额(亿元),37124,亿元,8月份国民经济持续恢复 主要指标总体改善,https://www.stats.gov.cn/sj/zxfb/202302/t20230203_1901579.html
2022-09-16,2022-08,进出口同比,8.6,%,8月份国民经济持续恢复 主要指标总体改善,https://www.stats.gov.cn/sj/zxfb/202302/t20230203_1901579.html
2022-09-16,2022-08,出口额(亿元),21241,亿元,8月份国民经济持续恢复 主要指标总体改善,https://www.stats.gov.cn/sj/zxfb/202302/t20230203_1901579.html
2022-09-16,2022-08,出口同比,11.8,%,8月份国民经济持续恢复 主要指标总体改善,https://www.stats.gov.cn/sj/zxfb/202302/t20230203_1901579.html
2022-09-16,2022-08,进口额(亿元),15882,亿元,8月份国民经济持续恢复 主要指标总体改善,https://www.stats.gov.cn/sj/zxfb/202302/t20230203_1901579.html
2022-09-16,2022-08,进口同比,4.6,%,8月份国民经济持续恢复 主要指标总体改善,https://www.stats.gov.cn/sj/zxfb/202302/t20230203_1901579.html
2022-08-15,2022-07,工业增加值同比,3.8,%,7月份国民经济延续恢复态势,https://www.stats.gov.cn/sj/zxfb/202302/t20230203_1901548.html
2022-08-15,2022-07,服务业生产指数同比,0.6,%,7月份国民经济延续恢复态势,https://www.stats.gov.cn/sj/zxfb/202302/t20230203_1901548.html
2022-08-15,2022-07,社零当月(亿元),35870,亿元,7月份国民经济延续恢复态势,https://www.stats.gov.cn/sj/zxfb/202302/t20230203_1901548.html
2022-08-15,2022-07,社零同比,2.7,%,7月份国民经济延续恢复态势,https://www.stats.gov.cn/sj/zxfb/202302/t20230203_1901548.html
2022-08-15,2022-07,固投累计(亿元),319812,亿元,7月份国民经济延续恢复态势,https://www.stats.gov.cn/sj/zxfb/202302/t20230203_1901548.html
2022-08-15,2022-07,固投累计同比,5.7,%,7月份国民经济延续恢复态势,https://www.stats.gov.cn/sj/zxfb/202302/t20230203_1901548.html
2022-08-15,2022-07,基建投资同比,7.4,%,7月份国民经济延续恢复态势,https://www.stats.gov.cn/sj/zxfb/202302/t20230203_1901548.html
2022-08-15,2022-07,制造业投资同比,9.9,%,7月份国民经济延续恢复态势,https://www.stats.gov.cn/sj/zxfb/202302/t20230203_1901548.html
2022-08-15,2022-07,房地产投资同比,-6.4,%,7月份国民经济延续恢复态势,https://www.stats.gov.cn/sj/zxfb/202302/t20230203_1901548.html
2022-08-15,2022-07,城镇调查失业率,5.4,%,7月份国民经济延续恢复态势,https://www.stats.gov.cn/sj/zxfb/202302/t20230203_1901548.html
2022-08-15,2022-07,CPI同比,1.8,%,7月份国民经济延续恢复态势,https://www.stats.gov.cn/sj/zxfb/202302/t20230203_1901548.html
2022-08-15,2022-07,进出口总额(亿元),236041,亿元,7月份国民经济延续恢复态势,https://www.stats.gov.cn/sj/zxfb/202302/t20230203_1901548.html
2022-08-15,2022-07,进出口同比,10.4,%,7月份国民经济延续恢复态势,https://www.stats.gov.cn/sj/zxfb/202302/t20230203_1901548.html
2022-08-15,2022-07,出口额(亿元),133698,亿元,7月份国民经济延续恢复态势,https://www.stats.gov.cn/sj/zxfb/202302/t20230203_1901548.html
2022-08-15,2022-07,出口同比,14.7,%,7月份国民经济延续恢复态势,https://www.stats.gov.cn/sj/zxfb/202302/t20230203_1901548.html
2022-08-15,2022-07,进口额(亿元),102344,亿元,7月份国民经济延续恢复态势,https://www.stats.gov.cn/sj/zxfb/202302/t20230203_1901548.html
2022-08-15,2022-07,进口同比,5.3,%,7月份国民经济延续恢复态势,https://www.stats.gov.cn/sj/zxfb/202302/t20230203_1901548.html
2022-06-15,2022-05,工业增加值同比,0.7,%,5月份国民经济运行呈现恢复势头,https://www.stats.gov.cn/sj/zxfb/202302/t20230203_1901486.html
2022-06-15,2022-05,服务业生产指数同比,-5.1,%,5月份国民经济运行呈现恢复势头,https://www.stats.gov.cn/sj/zxfb/202302/t20230203_1901486.html
2022-06-15,2022-05,社零当月(亿元),33547,亿元,5月份国民经济运行呈现恢复势头,https://www.stats.gov.cn/sj/zxfb/202302/t20230203_1901486.html
2022-06-15,2022-05,社零同比,-6.7,%,5月份国民经济运行呈现恢复势头,https://www.stats.gov.cn/sj/zxfb/202302/t20230203_1901486.html
2022-06-15,2022-05,固投累计(亿元),205964,亿元,5月份国民经济运行呈现恢复势头,https://www.stats.gov.cn/sj/zxfb/202302/t20230203_1901486.html
2022-06-15,2022-05,固投累计同比,6.2,%,5月份国民经济运行呈现恢复势头,https://www.stats.gov.cn/sj/zxfb/202302/t20230203_1901486.html
2022-06-15,2022-05,基建投资同比,6.7,%,5月份国民经济运行呈现恢复势头,https://www.stats.gov.cn/sj/zxfb/202302/t20230203_1901486.html
2022-06-15,2022-05,制造业投资同比,10.6,%,5月份国民经济运行呈现恢复势头,https://www.stats.gov.cn/sj/zxfb/202302/t20230203_1901486.html
2022-06-15,2022-05,房地产投资同比,-4.0,%,5月份国民经济运行呈现恢复势头,https://www.stats.gov.cn/sj/zxfb/202302/t20230203_1901486.html
2022-06-15,2022-05,城镇调查失业率,5.9,%,5月份国民经济运行呈现恢复势头,https://www.stats.gov.cn/sj/zxfb/202302/t20230203_1901486.html
2022-06-15,2022-05,CPI同比,1.5,%,5月份国民经济运行呈现恢复势头,https://www.stats.gov.cn/sj/zxfb/202302/t20230203_1901486.html
2022-06-15,2022-05,进出口总额(亿元),160374,亿元,5月份国民经济运行呈现恢复势头,https://www.stats.gov.cn/sj/zxfb/202302/t20230203_1901486.html
2022-06-15,2022-05,进出口同比,8.3,%,5月份国民经济运行呈现恢复势头,https://www.stats.gov.cn/sj/zxfb/202302/t20230203_1901486.html
2022-06-15,2022-05,出口额(亿元),89437,亿元,5月份国民经济运行呈现恢复势头,https://www.stats.gov.cn/sj/zxfb/202302/t20230203_1901486.html
2022-06-15,2022-05,出口同比,11.4,%,5月份国民经济运行呈现恢复势头,https://www.stats.gov.cn/sj/zxfb/202302/t20230203_1901486.html
2022-06-15,2022-05,进口额(亿元),70937,亿元,5月份国民经济运行呈现恢复势头,https://www.stats.gov.cn/sj/zxfb/202302/t20230203_1901486.html
2022-06-15,2022-05,进口同比,4.7,%,5月份国民经济运行呈现恢复势头,https://www.stats.gov.cn/sj/zxfb/202302/t20230203_1901486.html
2021-12-15,2021-11,工业增加值同比,3.8,%,11月份国民经济继续恢复 实体经济稳中有升,https://www.stats.gov.cn/sj/zxfb/202302/t20230203_1901304.html
2021-12-15,2021-11,服务业生产指数同比,3.1,%,11月份国民经济继续恢复 实体经济稳中有升,https://www.stats.gov.cn/sj/zxfb/202302/t20230203_1901304.html
2021-12-15,2021-11,社零当月(亿元),41043,亿元,11月份国民经济继续恢复 实体经济稳中有升,https://www.stats.gov.cn/sj/zxfb/202302/t20230203_1901304.html
2021-12-15,2021-11,社零同比,3.9,%,11月份国民经济继续恢复 实体经济稳中有升,https://www.stats.gov.cn/sj/zxfb/202302/t20230203_1901304.html
2021-12-15,2021-11,固投累计(亿元),494082,亿元,11月份国民经济继续恢复 实体经济稳中有升,https://www.stats.gov.cn/sj/zxfb/202302/t20230203_1901304.html
2021-12-15,2021-11,固投累计同比,5.2,%,11月份国民经济继续恢复 实体经济稳中有升,https://www.stats.gov.cn/sj/zxfb/202302/t20230203_1901304.html
2021-12-15,2021-11,基建投资同比,0.5,%,11月份国民经济继续恢复 实体经济稳中有升,https://www.stats.gov.cn/sj/zxfb/202302/t20230203_1901304.html
2021-12-15,2021-11,制造业投资同比,13.7,%,11月份国民经济继续恢复 实体经济稳中有升,https://www.stats.gov.cn/sj/zxfb/202302/t20230203_1901304.html
2021-12-15,2021-11,房地产投资同比,6.0,%,11月份国民经济继续恢复 实体经济稳中有升,https://www.stats.gov.cn/sj/zxfb/202302/t20230203_1901304.html
2021-12-15,2021-11,民间投资同比,7.7,%,11月份国民经济继续恢复 实体经济稳中有升,https://www.stats.gov.cn/sj/zxfb/202302/t20230203_1901304.html
2021-12-15,2021-11,高技术产业投资同比,16.6,%,11月份国民经济继续恢复 实体经济稳中有升,https://www.stats.gov.cn/sj/zxfb/202302/t20230203_1901304.html
2021-12-15,2021-11,城镇调查失业率,5.0,%,11月份国民经济继续恢复 实体经济稳中有升,https://www.stats.gov.cn/sj/zxfb/202302/t20230203_1901304.html
2021-12-15,2021-11,CPI同比,0.9,%,11月份国民经济继续恢复 实体经济稳中有升,https://www.stats.gov.cn/sj/zxfb/202302/t20230203_1901304.html
2021-12-15,2021-11,进出口总额(亿元),37164,亿元,11月份国民经济继续恢复 实体经济稳中有升,https://www.stats.gov.cn/sj/zxfb/202302/t20230203_1901304.html
2021-12-15,2021-11,进出口同比,20.5,%,11月份国民经济继续恢复 实体经济稳中有升,https://www.stats.gov.cn/sj/zxfb/202302/t20230203_1901304.html
2021-12-15,2021-11,出口额(亿元),20885,亿元,11月份国民经济继续恢复 实体经济稳中有升,https://www.stats.gov.cn/sj/zxfb/202302/t20230203_1901304.html
2021-12-15,2021-11,出口同比,16.6,%,11月份国民经济继续恢复 实体经济稳中有升,https://www.stats.gov.cn/sj/zxfb/202302/t20230203_1901304.html
2021-12-15,2021-11,进口额(亿元),16279,亿元,11月份国民经济继续恢复 实体经济稳中有升,https://www.stats.gov.cn/sj/zxfb/202302/t20230203_1901304.html
2021-12-15,2021-11,进口同比,26.0,%,11月份国民经济继续恢复 实体经济稳中有升,https://www.stats.gov.cn/sj/zxfb/202302/t20230203_1901304.html
2021-09-15,2021-08,工业增加值同比,5.3,%,8月份国民经济发展韧性持续显现,https://www.stats.gov.cn/sj/zxfb/202302/t20230203_1901217.html
2021-09-15,2021-08,服务业生产指数同比,4.8,%,8月份国民经济发展韧性持续显现,https://www.stats.gov.cn/sj/zxfb/202302/t20230203_1901217.html
2021-09-15,2021-08,社零当月(亿元),34395,亿元,8月份国民经济发展韧性持续显现,https://www.stats.gov.cn/sj/zxfb/202302/t20230203_1901217.html
2021-09-15,2021-08,社零同比,2.5,%,8月份国民经济发展韧性持续显现,https://www.stats.gov.cn/sj/zxfb/202302/t20230203_1901217.html
2021-09-15,2021-08,固投累计(亿元),346913,亿元,8月份国民经济发展韧性持续显现,https://www.stats.gov.cn/sj/zxfb/202302/t20230203_1901217.html
2021-09-15,2021-08,固投累计同比,8.9,%,8月份国民经济发展韧性持续显现,https://www.stats.gov.cn/sj/zxfb/202302/t20230203_1901217.html
2021-09-15,2021-08,基建投资同比,2.9,%,8月份国民经济发展韧性持续显现,https://www.stats.gov.cn/sj/zxfb/202302/t20230203_1901217.html
2021-09-15,2021-08,民间投资同比,11.5,%,8月份国民经济发展韧性持续显现,https://www.stats.gov.cn/sj/zxfb/202302/t20230203_1901217.html
2021-09-15,2021-08,高技术产业投资同比,18.9,%,8月份国民经济发展韧性持续显现,https://www.stats.gov.cn/sj/zxfb/202302/t20230203_1901217.html
2021-09-15,2021-08,城镇调查失业率,5.1,%,8月份国民经济发展韧性持续显现,https://www.stats.gov.cn/sj/zxfb/202302/t20230203_1901217.html
2021-09-15,2021-08,CPI同比,0.6,%,8月份国民经济发展韧性持续显现,https://www.stats.gov.cn/sj/zxfb/202302/t20230203_1901217.html
