date,period,value,value_raw,unit,freq,source,provider,source_type,definition_regime,note,value_available_date,vintage_type,release_rule_status,vintage_evidence,historical_realtime_eligible,post_vad_eligible,source_validity_eligible
2003-04-30,2003-04,6767067,6767067,亿日元,M,M2_CURRENT_AVG,BOJ,OFFICIAL_CANONICAL,M2_CURRENT_2003_,regime内同比,2003-05-15,REALTIME_ASSUMED,CONSERVATIVE_PROXY,OFFICIAL_NO_REV_AUDIT,conditional,true,true
2003-05-31,2003-05,6770869,6770869,亿日元,M,M2_CURRENT_AVG,BOJ,OFFICIAL_CANONICAL,M2_CURRENT_2003_,regime内同比,2003-06-15,REALTIME_ASSUMED,CONSERVATIVE_PROXY,OFFICIAL_NO_REV_AUDIT,conditional,true,true
2003-06-30,2003-06,6777550,6777550,亿日元,M,M2_CURRENT_AVG,BOJ,OFFICIAL_CANONICAL,M2_CURRENT_2003_,regime内同比,2003-07-15,REALTIME_ASSUMED,CONSERVATIVE_PROXY,OFFICIAL_NO_REV_AUDIT,conditional,true,true
2003-07-31,2003-07,6813055,6813055,亿日元,M,M2_CURRENT_AVG,BOJ,OFFICIAL_CANONICAL,M2_CURRENT_2003_,regime内同比,2003-08-15,REALTIME_ASSUMED,CONSERVATIVE_PROXY,OFFICIAL_NO_REV_AUDIT,conditional,true,true
2003-08-31,2003-08,6807344,6807344,亿日元,M,M2_CURRENT_AVG,BOJ,OFFICIAL_CANONICAL,M2_CURRENT_2003_,regime内同比,2003-09-15,REALTIME_ASSUMED,CONSERVATIVE_PROXY,OFFICIAL_NO_REV_AUDIT,conditional,true,true
2003-09-30,2003-09,6768459,6768459,亿日元,M,M2_CURRENT_AVG,BOJ,OFFICIAL_CANONICAL,M2_CURRENT_2003_,regime内同比,2003-10-15,REALTIME_ASSUMED,CONSERVATIVE_PROXY,OFFICIAL_NO_REV_AUDIT,conditional,true,true
2003-10-31,2003-10,6755731,6755731,亿日元,M,M2_CURRENT_AVG,BOJ,OFFICIAL_CANONICAL,M2_CURRENT_2003_,regime内同比,2003-11-15,REALTIME_ASSUMED,CONSERVATIVE_PROXY,OFFICIAL_NO_REV_AUDIT,conditional,true,true
2003-11-30,2003-11,6757284,6757284,亿日元,M,M2_CURRENT_AVG,BOJ,OFFICIAL_CANONICAL,M2_CURRENT_2003_,regime内同比,2003-12-15,REALTIME_ASSUMED,CONSERVATIVE_PROXY,OFFICIAL_NO_REV_AUDIT,conditional,true,true
2003-12-31,2003-12,6825840,6825840,亿日元,M,M2_CURRENT_AVG,BOJ,OFFICIAL_CANONICAL,M2_CURRENT_2003_,regime内同比,2004-01-15,REALTIME_ASSUMED,CONSERVATIVE_PROXY,OFFICIAL_NO_REV_AUDIT,conditional,true,true
2004-01-31,2004-01,6833119,6833119,亿日元,M,M2_CURRENT_AVG,BOJ,OFFICIAL_CANONICAL,M2_CURRENT_2003_,regime内同比,2004-02-15,REALTIME_ASSUMED,CONSERVATIVE_PROXY,OFFICIAL_NO_REV_AUDIT,conditional,true,true
2004-02-29,2004-02,6797767,6797767,亿日元,M,M2_CURRENT_AVG,BOJ,OFFICIAL_CANONICAL,M2_CURRENT_2003_,regime内同比,2004-03-15,REALTIME_ASSUMED,CONSERVATIVE_PROXY,OFFICIAL_NO_REV_AUDIT,conditional,true,true
2004-03-31,2004-03,6825916,6825916,亿日元,M,M2_CURRENT_AVG,BOJ,OFFICIAL_CANONICAL,M2_CURRENT_2003_,regime内同比,2004-04-15,REALTIME_ASSUMED,CONSERVATIVE_PROXY,OFFICIAL_NO_REV_AUDIT,conditional,true,true
2004-04-30,2004-04,6891883,6891883,亿日元,M,M2_CURRENT_AVG,BOJ,OFFICIAL_CANONICAL,M2_CURRENT_2003_,regime内同比,2004-05-15,REALTIME_ASSUMED,CONSERVATIVE_PROXY,OFFICIAL_NO_REV_AUDIT,conditional,true,true
2004-05-31,2004-05,6903843,6903843,亿日元,M,M2_CURRENT_AVG,BOJ,OFFICIAL_CANONICAL,M2_CURRENT_2003_,regime内同比,2004-06-15,REALTIME_ASSUMED,CONSERVATIVE_PROXY,OFFICIAL_NO_REV_AUDIT,conditional,true,true
2004-06-30,2004-06,6894824,6894824,亿日元,M,M2_CURRENT_AVG,BOJ,OFFICIAL_CANONICAL,M2_CURRENT_2003_,regime内同比,2004-07-15,REALTIME_ASSUMED,CONSERVATIVE_PROXY,OFFICIAL_NO_REV_AUDIT,conditional,true,true
2004-07-31,2004-07,6937875,6937875,亿日元,M,M2_CURRENT_AVG,BOJ,OFFICIAL_CANONICAL,M2_CURRENT_2003_,regime内同比,2004-08-15,REALTIME_ASSUMED,CONSERVATIVE_PROXY,OFFICIAL_NO_REV_AUDIT,conditional,true,true
2004-08-31,2004-08,6933689,6933689,亿日元,M,M2_CURRENT_AVG,BOJ,OFFICIAL_CANONICAL,M2_CURRENT_2003_,regime内同比,2004-09-15,REALTIME_ASSUMED,CONSERVATIVE_PROXY,OFFICIAL_NO_REV_AUDIT,conditional,true,true
2004-09-30,2004-09,6907282,6907282,亿日元,M,M2_CURRENT_AVG,BOJ,OFFICIAL_CANONICAL,M2_CURRENT_2003_,regime内同比,2004-10-15,REALTIME_ASSUMED,CONSERVATIVE_PROXY,OFFICIAL_NO_REV_AUDIT,conditional,true,true
2004-10-31,2004-10,6890506,6890506,亿日元,M,M2_CURRENT_AVG,BOJ,OFFICIAL_CANONICAL,M2_CURRENT_2003_,regime内同比,2004-11-15,REALTIME_ASSUMED,CONSERVATIVE_PROXY,OFFICIAL_NO_REV_AUDIT,conditional,true,true
2004-11-30,2004-11,6894786,6894786,亿日元,M,M2_CURRENT_AVG,BOJ,OFFICIAL_CANONICAL,M2_CURRENT_2003_,regime内同比,2004-12-15,REALTIME_ASSUMED,CONSERVATIVE_PROXY,OFFICIAL_NO_REV_AUDIT,conditional,true,true
2004-12-31,2004-12,6960622,6960622,亿日元,M,M2_CURRENT_AVG,BOJ,OFFICIAL_CANONICAL,M2_CURRENT_2003_,regime内同比,2005-01-15,REALTIME_ASSUMED,CONSERVATIVE_PROXY,OFFICIAL_NO_REV_AUDIT,conditional,true,true
2005-01-31,2005-01,6965712,6965712,亿日元,M,M2_CURRENT_AVG,BOJ,OFFICIAL_CANONICAL,M2_CURRENT_2003_,regime内同比,2005-02-15,REALTIME_ASSUMED,CONSERVATIVE_PROXY,OFFICIAL_NO_REV_AUDIT,conditional,true,true
2005-02-28,2005-02,6920502,6920502,亿日元,M,M2_CURRENT_AVG,BOJ,OFFICIAL_CANONICAL,M2_CURRENT_2003_,regime内同比,2005-03-15,REALTIME_ASSUMED,CONSERVATIVE_PROXY,OFFICIAL_NO_REV_AUDIT,conditional,true,true
2005-03-31,2005-03,6965119,6965119,亿日元,M,M2_CURRENT_AVG,BOJ,OFFICIAL_CANONICAL,M2_CURRENT_2003_,regime内同比,2005-04-15,REALTIME_ASSUMED,CONSERVATIVE_PROXY,OFFICIAL_NO_REV_AUDIT,conditional,true,true
2005-04-30,2005-04,7015356,7015356,亿日元,M,M2_CURRENT_AVG,BOJ,OFFICIAL_CANONICAL,M2_CURRENT_2003_,regime内同比,2005-05-15,REALTIME_ASSUMED,CONSERVATIVE_PROXY,OFFICIAL_NO_REV_AUDIT,conditional,true,true
2005-05-31,2005-05,7003169,7003169,亿日元,M,M2_CURRENT_AVG,BOJ,OFFICIAL_CANONICAL,M2_CURRENT_2003_,regime内同比,2005-06-15,REALTIME_ASSUMED,CONSERVATIVE_PROXY,OFFICIAL_NO_REV_AUDIT,conditional,true,true
2005-06-30,2005-06,7006819,7006819,亿日元,M,M2_CURRENT_AVG,BOJ,OFFICIAL_CANONICAL,M2_CURRENT_2003_,regime内同比,2005-07-15,REALTIME_ASSUMED,CONSERVATIVE_PROXY,OFFICIAL_NO_REV_AUDIT,conditional,true,true
2005-07-31,2005-07,7050604,7050604,亿日元,M,M2_CURRENT_AVG,BOJ,OFFICIAL_CANONICAL,M2_CURRENT_2003_,regime内同比,2005-08-15,REALTIME_ASSUMED,CONSERVATIVE_PROXY,OFFICIAL_NO_REV_AUDIT,conditional,true,true
2005-08-31,2005-08,7043747,7043747,亿日元,M,M2_CURRENT_AVG,BOJ,OFFICIAL_CANONICAL,M2_CURRENT_2003_,regime内同比,2005-09-15,REALTIME_ASSUMED,CONSERVATIVE_PROXY,OFFICIAL_NO_REV_AUDIT,conditional,true,true
2005-09-30,2005-09,7046184,7046184,亿日元,M,M2_CURRENT_AVG,BOJ,OFFICIAL_CANONICAL,M2_CURRENT_2003_,regime内同比,2005-10-15,REALTIME_ASSUMED,CONSERVATIVE_PROXY,OFFICIAL_NO_REV_AUDIT,conditional,true,true
2005-10-31,2005-10,7021746,7021746,亿日元,M,M2_CURRENT_AVG,BOJ,OFFICIAL_CANONICAL,M2_CURRENT_2003_,regime内同比,2005-11-15,REALTIME_ASSUMED,CONSERVATIVE_PROXY,OFFICIAL_NO_REV_AUDIT,conditional,true,true
2005-11-30,2005-11,7036014,7036014,亿日元,M,M2_CURRENT_AVG,BOJ,OFFICIAL_CANONICAL,M2_CURRENT_2003_,regime内同比,2005-12-15,REALTIME_ASSUMED,CONSERVATIVE_PROXY,OFFICIAL_NO_REV_AUDIT,conditional,true,true
2005-12-31,2005-12,7089899,7089899,亿日元,M,M2_CURRENT_AVG,BOJ,OFFICIAL_CANONICAL,M2_CURRENT_2003_,regime内同比,2006-01-15,REALTIME_ASSUMED,CONSERVATIVE_PROXY,OFFICIAL_NO_REV_AUDIT,conditional,true,true
2006-01-31,2006-01,7087795,7087795,亿日元,M,M2_CURRENT_AVG,BOJ,OFFICIAL_CANONICAL,M2_CURRENT_2003_,regime内同比,2006-02-15,REALTIME_ASSUMED,CONSERVATIVE_PROXY,OFFICIAL_NO_REV_AUDIT,conditional,true,true
2006-02-28,2006-02,7037961,7037961,亿日元,M,M2_CURRENT_AVG,BOJ,OFFICIAL_CANONICAL,M2_CURRENT_2003_,regime内同比,2006-03-15,REALTIME_ASSUMED,CONSERVATIVE_PROXY,OFFICIAL_NO_REV_AUDIT,conditional,true,true
2006-03-31,2006-03,7061195,7061195,亿日元,M,M2_CURRENT_AVG,BOJ,OFFICIAL_CANONICAL,M2_CURRENT_2003_,regime内同比,2006-04-15,REALTIME_ASSUMED,CONSERVATIVE_PROXY,OFFICIAL_NO_REV_AUDIT,conditional,true,true
2006-04-30,2006-04,7129110,7129110,亿日元,M,M2_CURRENT_AVG,BOJ,OFFICIAL_CANONICAL,M2_CURRENT_2003_,regime内同比,2006-05-15,REALTIME_ASSUMED,CONSERVATIVE_PROXY,OFFICIAL_NO_REV_AUDIT,conditional,true,true
2006-05-31,2006-05,7093181,7093181,亿日元,M,M2_CURRENT_AVG,BOJ,OFFICIAL_CANONICAL,M2_CURRENT_2003_,regime内同比,2006-06-15,REALTIME_ASSUMED,CONSERVATIVE_PROXY,OFFICIAL_NO_REV_AUDIT,conditional,true,true
2006-06-30,2006-06,7085888,7085888,亿日元,M,M2_CURRENT_AVG,BOJ,OFFICIAL_CANONICAL,M2_CURRENT_2003_,regime内同比,2006-07-15,REALTIME_ASSUMED,CONSERVATIVE_PROXY,OFFICIAL_NO_REV_AUDIT,conditional,true,true
2006-07-31,2006-07,7085186,7085186,亿日元,M,M2_CURRENT_AVG,BOJ,OFFICIAL_CANONICAL,M2_CURRENT_2003_,regime内同比,2006-08-15,REALTIME_ASSUMED,CONSERVATIVE_PROXY,OFFICIAL_NO_REV_AUDIT,conditional,true,true
2006-08-31,2006-08,7073070,7073070,亿日元,M,M2_CURRENT_AVG,BOJ,OFFICIAL_CANONICAL,M2_CURRENT_2003_,regime内同比,2006-09-15,REALTIME_ASSUMED,CONSERVATIVE_PROXY,OFFICIAL_NO_REV_AUDIT,conditional,true,true
2006-09-30,2006-09,7081933,7081933,亿日元,M,M2_CURRENT_AVG,BOJ,OFFICIAL_CANONICAL,M2_CURRENT_2003_,regime内同比,2006-10-15,REALTIME_ASSUMED,CONSERVATIVE_PROXY,OFFICIAL_NO_REV_AUDIT,conditional,true,true
2006-10-31,2006-10,7059775,7059775,亿日元,M,M2_CURRENT_AVG,BOJ,OFFICIAL_CANONICAL,M2_CURRENT_2003_,regime内同比,2006-11-15,REALTIME_ASSUMED,CONSERVATIVE_PROXY,OFFICIAL_NO_REV_AUDIT,conditional,true,true
2006-11-30,2006-11,7078251,7078251,亿日元,M,M2_CURRENT_AVG,BOJ,OFFICIAL_CANONICAL,M2_CURRENT_2003_,regime内同比,2006-12-15,REALTIME_ASSUMED,CONSERVATIVE_PROXY,OFFICIAL_NO_REV_AUDIT,conditional,true,true
2006-12-31,2006-12,7137934,7137934,亿日元,M,M2_CURRENT_AVG,BOJ,OFFICIAL_CANONICAL,M2_CURRENT_2003_,regime内同比,2007-01-15,REALTIME_ASSUMED,CONSERVATIVE_PROXY,OFFICIAL_NO_REV_AUDIT,conditional,true,true
2007-01-31,2007-01,7151423,7151423,亿日元,M,M2_CURRENT_AVG,BOJ,OFFICIAL_CANONICAL,M2_CURRENT_2003_,regime内同比,2007-02-15,REALTIME_ASSUMED,CONSERVATIVE_PROXY,OFFICIAL_NO_REV_AUDIT,conditional,true,true
2007-02-28,2007-02,7108923,7108923,亿日元,M,M2_CURRENT_AVG,BOJ,OFFICIAL_CANONICAL,M2_CURRENT_2003_,regime内同比,2007-03-15,REALTIME_ASSUMED,CONSERVATIVE_PROXY,OFFICIAL_NO_REV_AUDIT,conditional,true,true
2007-03-31,2007-03,7138415,7138415,亿日元,M,M2_CURRENT_AVG,BOJ,OFFICIAL_CANONICAL,M2_CURRENT_2003_,regime内同比,2007-04-15,REALTIME_ASSUMED,CONSERVATIVE_PROXY,OFFICIAL_NO_REV_AUDIT,conditional,true,true
2007-04-30,2007-04,7210967,7210967,亿日元,M,M2_CURRENT_AVG,BOJ,OFFICIAL_CANONICAL,M2_CURRENT_2003_,regime内同比,2007-05-15,REALTIME_ASSUMED,CONSERVATIVE_PROXY,OFFICIAL_NO_REV_AUDIT,conditional,true,true
2007-05-31,2007-05,7195192,7195192,亿日元,M,M2_CURRENT_AVG,BOJ,OFFICIAL_CANONICAL,M2_CURRENT_2003_,regime内同比,2007-06-15,REALTIME_ASSUMED,CONSERVATIVE_PROXY,OFFICIAL_NO_REV_AUDIT,conditional,true,true
2007-06-30,2007-06,7216367,7216367,亿日元,M,M2_CURRENT_AVG,BOJ,OFFICIAL_CANONICAL,M2_CURRENT_2003_,regime内同比,2007-07-15,REALTIME_ASSUMED,CONSERVATIVE_PROXY,OFFICIAL_NO_REV_AUDIT,conditional,true,true
2007-07-31,2007-07,7228811,7228811,亿日元,M,M2_CURRENT_AVG,BOJ,OFFICIAL_CANONICAL,M2_CURRENT_2003_,regime内同比,2007-08-15,REALTIME_ASSUMED,CONSERVATIVE_PROXY,OFFICIAL_NO_REV_AUDIT,conditional,true,true
2007-08-31,2007-08,7198156,7198156,亿日元,M,M2_CURRENT_AVG,BOJ,OFFICIAL_CANONICAL,M2_CURRENT_2003_,regime内同比,2007-09-15,REALTIME_ASSUMED,CONSERVATIVE_PROXY,OFFICIAL_NO_REV_AUDIT,conditional,true,true
2007-09-30,2007-09,7201921,7201921,亿日元,M,M2_CURRENT_AVG,BOJ,OFFICIAL_CANONICAL,M2_CURRENT_2003_,regime内同比,2007-10-15,REALTIME_ASSUMED,CONSERVATIVE_PROXY,OFFICIAL_NO_REV_AUDIT,conditional,true,true
2007-10-31,2007-10,7193436,7193436,亿日元,M,M2_CURRENT_AVG,BOJ,OFFICIAL_CANONICAL,M2_CURRENT_2003_,regime内同比,2007-11-15,REALTIME_ASSUMED,CONSERVATIVE_PROXY,OFFICIAL_NO_REV_AUDIT,conditional,true,true
2007-11-30,2007-11,7220662,7220662,亿日元,M,M2_CURRENT_AVG,BOJ,OFFICIAL_CANONICAL,M2_CURRENT_2003_,regime内同比,2007-12-15,REALTIME_ASSUMED,CONSERVATIVE_PROXY,OFFICIAL_NO_REV_AUDIT,conditional,true,true
2007-12-31,2007-12,7285588,7285588,亿日元,M,M2_CURRENT_AVG,BOJ,OFFICIAL_CANONICAL,M2_CURRENT_2003_,regime内同比,2008-01-15,REALTIME_ASSUMED,CONSERVATIVE_PROXY,OFFICIAL_NO_REV_AUDIT,conditional,true,true
2008-01-31,2008-01,7304457,7304457,亿日元,M,M2_CURRENT_AVG,BOJ,OFFICIAL_CANONICAL,M2_CURRENT_2003_,regime内同比,2008-02-15,REALTIME_ASSUMED,CONSERVATIVE_PROXY,OFFICIAL_NO_REV_AUDIT,conditional,true,true
2008-02-29,2008-02,7276617,7276617,亿日元,M,M2_CURRENT_AVG,BOJ,OFFICIAL_CANONICAL,M2_CURRENT_2003_,regime内同比,2008-03-15,REALTIME_ASSUMED,CONSERVATIVE_PROXY,OFFICIAL_NO_REV_AUDIT,conditional,true,true
2008-03-31,2008-03,7299474,7299474,亿日元,M,M2_CURRENT_AVG,BOJ,OFFICIAL_CANONICAL,M2_CURRENT_2003_,regime内同比,2008-04-15,REALTIME_ASSUMED,CONSERVATIVE_PROXY,OFFICIAL_NO_REV_AUDIT,conditional,true,true
2008-04-30,2008-04,7345919,7345919,亿日元,M,M2_CURRENT_AVG,BOJ,OFFICIAL_CANONICAL,M2_CURRENT_2003_,regime内同比,2008-05-15,REALTIME_ASSUMED,CONSERVATIVE_PROXY,OFFICIAL_NO_REV_AUDIT,conditional,true,true
2008-05-31,2008-05,7342982,7342982,亿日元,M,M2_CURRENT_AVG,BOJ,OFFICIAL_CANONICAL,M2_CURRENT_2003_,regime内同比,2008-06-15,REALTIME_ASSUMED,CONSERVATIVE_PROXY,OFFICIAL_NO_REV_AUDIT,conditional,true,true
2008-06-30,2008-06,7378298,7378298,亿日元,M,M2_CURRENT_AVG,BOJ,OFFICIAL_CANONICAL,M2_CURRENT_2003_,regime内同比,2008-07-15,REALTIME_ASSUMED,CONSERVATIVE_PROXY,OFFICIAL_NO_REV_AUDIT,conditional,true,true
2008-07-31,2008-07,7381435,7381435,亿日元,M,M2_CURRENT_AVG,BOJ,OFFICIAL_CANONICAL,M2_CURRENT_2003_,regime内同比,2008-08-15,REALTIME_ASSUMED,CONSERVATIVE_PROXY,OFFICIAL_NO_REV_AUDIT,conditional,true,true
2008-08-31,2008-08,7371732,7371732,亿日元,M,M2_CURRENT_AVG,BOJ,OFFICIAL_CANONICAL,M2_CURRENT_2003_,regime内同比,2008-09-15,REALTIME_ASSUMED,CONSERVATIVE_PROXY,OFFICIAL_NO_REV_AUDIT,conditional,true,true
2008-09-30,2008-09,7358569,7358569,亿日元,M,M2_CURRENT_AVG,BOJ,OFFICIAL_CANONICAL,M2_CURRENT_2003_,regime内同比,2008-10-15,REALTIME_ASSUMED,CONSERVATIVE_PROXY,OFFICIAL_NO_REV_AUDIT,conditional,true,true
2008-10-31,2008-10,7325322,7325322,亿日元,M,M2_CURRENT_AVG,BOJ,OFFICIAL_CANONICAL,M2_CURRENT_2003_,regime内同比,2008-11-15,REALTIME_ASSUMED,CONSERVATIVE_PROXY,OFFICIAL_NO_REV_AUDIT,conditional,true,true
2008-11-30,2008-11,7349960,7349960,亿日元,M,M2_CURRENT_AVG,BOJ,OFFICIAL_CANONICAL,M2_CURRENT_2003_,regime内同比,2008-12-15,REALTIME_ASSUMED,CONSERVATIVE_PROXY,OFFICIAL_NO_REV_AUDIT,conditional,true,true
2008-12-31,2008-12,7417325,7417325,亿日元,M,M2_CURRENT_AVG,BOJ,OFFICIAL_CANONICAL,M2_CURRENT_2003_,regime内同比,2009-01-15,REALTIME_ASSUMED,CONSERVATIVE_PROXY,OFFICIAL_NO_REV_AUDIT,conditional,true,true
2009-01-31,2009-01,7447359,7447359,亿日元,M,M2_CURRENT_AVG,BOJ,OFFICIAL_CANONICAL,M2_CURRENT_2003_,regime内同比,2009-02-15,REALTIME_ASSUMED,CONSERVATIVE_PROXY,OFFICIAL_NO_REV_AUDIT,conditional,true,true
2009-02-28,2009-02,7432345,7432345,亿日元,M,M2_CURRENT_AVG,BOJ,OFFICIAL_CANONICAL,M2_CURRENT_2003_,regime内同比,2009-03-15,REALTIME_ASSUMED,CONSERVATIVE_PROXY,OFFICIAL_NO_REV_AUDIT,conditional,true,true
2009-03-31,2009-03,7462845,7462845,亿日元,M,M2_CURRENT_AVG,BOJ,OFFICIAL_CANONICAL,M2_CURRENT_2003_,regime内同比,2009-04-15,REALTIME_ASSUMED,CONSERVATIVE_PROXY,OFFICIAL_NO_REV_AUDIT,conditional,true,true
2009-04-30,2009-04,7542195,7542195,亿日元,M,M2_CURRENT_AVG,BOJ,OFFICIAL_CANONICAL,M2_CURRENT_2003_,regime内同比,2009-05-15,REALTIME_ASSUMED,CONSERVATIVE_PROXY,OFFICIAL_NO_REV_AUDIT,conditional,true,true
2009-05-31,2009-05,7539544,7539544,亿日元,M,M2_CURRENT_AVG,BOJ,OFFICIAL_CANONICAL,M2_CURRENT_2003_,regime内同比,2009-06-15,REALTIME_ASSUMED,CONSERVATIVE_PROXY,OFFICIAL_NO_REV_AUDIT,conditional,true,true
2009-06-30,2009-06,7564651,7564651,亿日元,M,M2_CURRENT_AVG,BOJ,OFFICIAL_CANONICAL,M2_CURRENT_2003_,regime内同比,2009-07-15,REALTIME_ASSUMED,CONSERVATIVE_PROXY,OFFICIAL_NO_REV_AUDIT,conditional,true,true
2009-07-31,2009-07,7581721,7581721,亿日元,M,M2_CURRENT_AVG,BOJ,OFFICIAL_CANONICAL,M2_CURRENT_2003_,regime内同比,2009-08-15,REALTIME_ASSUMED,CONSERVATIVE_PROXY,OFFICIAL_NO_REV_AUDIT,conditional,true,true
2009-08-31,2009-08,7579114,7579114,亿日元,M,M2_CURRENT_AVG,BOJ,OFFICIAL_CANONICAL,M2_CURRENT_2003_,regime内同比,2009-09-15,REALTIME_ASSUMED,CONSERVATIVE_PROXY,OFFICIAL_NO_REV_AUDIT,conditional,true,true
2009-09-30,2009-09,7577582,7577582,亿日元,M,M2_CURRENT_AVG,BOJ,OFFICIAL_CANONICAL,M2_CURRENT_2003_,regime内同比,2009-10-15,REALTIME_ASSUMED,CONSERVATIVE_PROXY,OFFICIAL_NO_REV_AUDIT,conditional,true,true
2009-10-31,2009-10,7574488,7574488,亿日元,M,M2_CURRENT_AVG,BOJ,OFFICIAL_CANONICAL,M2_CURRENT_2003_,regime内同比,2009-11-15,REALTIME_ASSUMED,CONSERVATIVE_PROXY,OFFICIAL_NO_REV_AUDIT,conditional,true,true
2009-11-30,2009-11,7592868,7592868,亿日元,M,M2_CURRENT_AVG,BOJ,OFFICIAL_CANONICAL,M2_CURRENT_2003_,regime内同比,2009-12-15,REALTIME_ASSUMED,CONSERVATIVE_PROXY,OFFICIAL_NO_REV_AUDIT,conditional,true,true
2009-12-31,2009-12,7644352,7644352,亿日元,M,M2_CURRENT_AVG,BOJ,OFFICIAL_CANONICAL,M2_CURRENT_2003_,regime内同比,2010-01-15,REALTIME_ASSUMED,CONSERVATIVE_PROXY,OFFICIAL_NO_REV_AUDIT,conditional,true,true
2010-01-31,2010-01,7668556,7668556,亿日元,M,M2_CURRENT_AVG,BOJ,OFFICIAL_CANONICAL,M2_CURRENT_2003_,regime内同比,2010-02-15,REALTIME_ASSUMED,CONSERVATIVE_PROXY,OFFICIAL_NO_REV_AUDIT,conditional,true,true
2010-02-28,2010-02,7635656,7635656,亿日元,M,M2_CURRENT_AVG,BOJ,OFFICIAL_CANONICAL,M2_CURRENT_2003_,regime内同比,2010-03-15,REALTIME_ASSUMED,CONSERVATIVE_PROXY,OFFICIAL_NO_REV_AUDIT,conditional,true,true
2010-03-31,2010-03,7662193,7662193,亿日元,M,M2_CURRENT_AVG,BOJ,OFFICIAL_CANONICAL,M2_CURRENT_2003_,regime内同比,2010-04-15,REALTIME_ASSUMED,CONSERVATIVE_PROXY,OFFICIAL_NO_REV_AUDIT,conditional,true,true
2010-04-30,2010-04,7759675,7759675,亿日元,M,M2_CURRENT_AVG,BOJ,OFFICIAL_CANONICAL,M2_CURRENT_2003_,regime内同比,2010-05-15,REALTIME_ASSUMED,CONSERVATIVE_PROXY,OFFICIAL_NO_REV_AUDIT,conditional,true,true
2010-05-31,2010-05,7773641,7773641,亿日元,M,M2_CURRENT_AVG,BOJ,OFFICIAL_CANONICAL,M2_CURRENT_2003_,regime内同比,2010-06-15,REALTIME_ASSUMED,CONSERVATIVE_PROXY,OFFICIAL_NO_REV_AUDIT,conditional,true,true
2010-06-30,2010-06,7784280,7784280,亿日元,M,M2_CURRENT_AVG,BOJ,OFFICIAL_CANONICAL,M2_CURRENT_2003_,regime内同比,2010-07-15,REALTIME_ASSUMED,CONSERVATIVE_PROXY,OFFICIAL_NO_REV_AUDIT,conditional,true,true
2010-07-31,2010-07,7788079,7788079,亿日元,M,M2_CURRENT_AVG,BOJ,OFFICIAL_CANONICAL,M2_CURRENT_2003_,regime内同比,2010-08-15,REALTIME_ASSUMED,CONSERVATIVE_PROXY,OFFICIAL_NO_REV_AUDIT,conditional,true,true
2010-08-31,2010-08,7789657,7789657,亿日元,M,M2_CURRENT_AVG,BOJ,OFFICIAL_CANONICAL,M2_CURRENT_2003_,regime内同比,2010-09-15,REALTIME_ASSUMED,CONSERVATIVE_PROXY,OFFICIAL_NO_REV_AUDIT,conditional,true,true
2010-09-30,2010-09,7788638,7788638,亿日元,M,M2_CURRENT_AVG,BOJ,OFFICIAL_CANONICAL,M2_CURRENT_2003_,regime内同比,2010-10-15,REALTIME_ASSUMED,CONSERVATIVE_PROXY,OFFICIAL_NO_REV_AUDIT,conditional,true,true
2010-10-31,2010-10,7784699,7784699,亿日元,M,M2_CURRENT_AVG,BOJ,OFFICIAL_CANONICAL,M2_CURRENT_2003_,regime内同比,2010-11-15,REALTIME_ASSUMED,CONSERVATIVE_PROXY,OFFICIAL_NO_REV_AUDIT,conditional,true,true
2010-11-30,2010-11,7788978,7788978,亿日元,M,M2_CURRENT_AVG,BOJ,OFFICIAL_CANONICAL,M2_CURRENT_2003_,regime内同比,2010-12-15,REALTIME_ASSUMED,CONSERVATIVE_PROXY,OFFICIAL_NO_REV_AUDIT,conditional,true,true
2010-12-31,2010-12,7822875,7822875,亿日元,M,M2_CURRENT_AVG,BOJ,OFFICIAL_CANONICAL,M2_CURRENT_2003_,regime内同比,2011-01-15,REALTIME_ASSUMED,CONSERVATIVE_PROXY,OFFICIAL_NO_REV_AUDIT,conditional,true,true
2011-01-31,2011-01,7843991,7843991,亿日元,M,M2_CURRENT_AVG,BOJ,OFFICIAL_CANONICAL,M2_CURRENT_2003_,regime内同比,2011-02-15,REALTIME_ASSUMED,CONSERVATIVE_PROXY,OFFICIAL_NO_REV_AUDIT,conditional,true,true
2011-02-28,2011-02,7818290,7818290,亿日元,M,M2_CURRENT_AVG,BOJ,OFFICIAL_CANONICAL,M2_CURRENT_2003_,regime内同比,2011-03-15,REALTIME_ASSUMED,CONSERVATIVE_PROXY,OFFICIAL_NO_REV_AUDIT,conditional,true,true
2011-03-31,2011-03,7860811,7860811,亿日元,M,M2_CURRENT_AVG,BOJ,OFFICIAL_CANONICAL,M2_CURRENT_2003_,regime内同比,2011-04-15,REALTIME_ASSUMED,CONSERVATIVE_PROXY,OFFICIAL_NO_REV_AUDIT,conditional,true,true
2011-04-30,2011-04,7970763,7970763,亿日元,M,M2_CURRENT_AVG,BOJ,OFFICIAL_CANONICAL,M2_CURRENT_2003_,regime内同比,2011-05-15,REALTIME_ASSUMED,CONSERVATIVE_PROXY,OFFICIAL_NO_REV_AUDIT,conditional,true,true
2011-05-31,2011-05,7983201,7983201,亿日元,M,M2_CURRENT_AVG,BOJ,OFFICIAL_CANONICAL,M2_CURRENT_2003_,regime内同比,2011-06-15,REALTIME_ASSUMED,CONSERVATIVE_PROXY,OFFICIAL_NO_REV_AUDIT,conditional,true,true
2011-06-30,2011-06,8005162,8005162,亿日元,M,M2_CURRENT_AVG,BOJ,OFFICIAL_CANONICAL,M2_CURRENT_2003_,regime内同比,2011-07-15,REALTIME_ASSUMED,CONSERVATIVE_PROXY,OFFICIAL_NO_REV_AUDIT,conditional,true,true
2011-07-31,2011-07,8017214,8017214,亿日元,M,M2_CURRENT_AVG,BOJ,OFFICIAL_CANONICAL,M2_CURRENT_2003_,regime内同比,2011-08-15,REALTIME_ASSUMED,CONSERVATIVE_PROXY,OFFICIAL_NO_REV_AUDIT,conditional,true,true
2011-08-31,2011-08,7997234,7997234,亿日元,M,M2_CURRENT_AVG,BOJ,OFFICIAL_CANONICAL,M2_CURRENT_2003_,regime内同比,2011-09-15,REALTIME_ASSUMED,CONSERVATIVE_PROXY,OFFICIAL_NO_REV_AUDIT,conditional,true,true
2011-09-30,2011-09,8000077,8000077,亿日元,M,M2_CURRENT_AVG,BOJ,OFFICIAL_CANONICAL,M2_CURRENT_2003_,regime内同比,2011-10-15,REALTIME_ASSUMED,CONSERVATIVE_PROXY,OFFICIAL_NO_REV_AUDIT,conditional,true,true
2011-10-31,2011-10,8002828,8002828,亿日元,M,M2_CURRENT_AVG,BOJ,OFFICIAL_CANONICAL,M2_CURRENT_2003_,regime内同比,2011-11-15,REALTIME_ASSUMED,CONSERVATIVE_PROXY,OFFICIAL_NO_REV_AUDIT,conditional,true,true
2011-11-30,2011-11,8024423,8024423,亿日元,M,M2_CURRENT_AVG,BOJ,OFFICIAL_CANONICAL,M2_CURRENT_2003_,regime内同比,2011-12-15,REALTIME_ASSUMED,CONSERVATIVE_PROXY,OFFICIAL_NO_REV_AUDIT,conditional,true,true
2011-12-31,2011-12,8069214,8069214,亿日元,M,M2_CURRENT_AVG,BOJ,OFFICIAL_CANONICAL,M2_CURRENT_2003_,regime内同比,2012-01-15,REALTIME_ASSUMED,CONSERVATIVE_PROXY,OFFICIAL_NO_REV_AUDIT,conditional,true,true
2012-01-31,2012-01,8082743,8082743,亿日元,M,M2_CURRENT_AVG,BOJ,OFFICIAL_CANONICAL,M2_CURRENT_2003_,regime内同比,2012-02-15,REALTIME_ASSUMED,CONSERVATIVE_PROXY,OFFICIAL_NO_REV_AUDIT,conditional,true,true
2012-02-29,2012-02,8047690,8047690,亿日元,M,M2_CURRENT_AVG,BOJ,OFFICIAL_CANONICAL,M2_CURRENT_2003_,regime内同比,2012-03-15,REALTIME_ASSUMED,CONSERVATIVE_PROXY,OFFICIAL_NO_REV_AUDIT,conditional,true,true
2012-03-31,2012-03,8092707,8092707,亿日元,M,M2_CURRENT_AVG,BOJ,OFFICIAL_CANONICAL,M2_CURRENT_2003_,regime内同比,2012-04-15,REALTIME_ASSUMED,CONSERVATIVE_PROXY,OFFICIAL_NO_REV_AUDIT,conditional,true,true
2012-04-30,2012-04,8178578,8178578,亿日元,M,M2_CURRENT_AVG,BOJ,OFFICIAL_CANONICAL,M2_CURRENT_2003_,regime内同比,2012-05-15,REALTIME_ASSUMED,CONSERVATIVE_PROXY,OFFICIAL_NO_REV_AUDIT,conditional,true,true
2012-05-31,2012-05,8157056,8157056,亿日元,M,M2_CURRENT_AVG,BOJ,OFFICIAL_CANONICAL,M2_CURRENT_2003_,regime内同比,2012-06-15,REALTIME_ASSUMED,CONSERVATIVE_PROXY,OFFICIAL_NO_REV_AUDIT,conditional,true,true
2012-06-30,2012-06,8185426,8185426,亿日元,M,M2_CURRENT_AVG,BOJ,OFFICIAL_CANONICAL,M2_CURRENT_2003_,regime内同比,2012-07-15,REALTIME_ASSUMED,CONSERVATIVE_PROXY,OFFICIAL_NO_REV_AUDIT,conditional,true,true
2012-07-31,2012-07,8199760,8199760,亿日元,M,M2_CURRENT_AVG,BOJ,OFFICIAL_CANONICAL,M2_CURRENT_2003_,regime内同比,2012-08-15,REALTIME_ASSUMED,CONSERVATIVE_PROXY,OFFICIAL_NO_REV_AUDIT,conditional,true,true
2012-08-31,2012-08,8191274,8191274,亿日元,M,M2_CURRENT_AVG,BOJ,OFFICIAL_CANONICAL,M2_CURRENT_2003_,regime内同比,2012-09-15,REALTIME_ASSUMED,CONSERVATIVE_PROXY,OFFICIAL_NO_REV_AUDIT,conditional,true,true
2012-09-30,2012-09,8192726,8192726,亿日元,M,M2_CURRENT_AVG,BOJ,OFFICIAL_CANONICAL,M2_CURRENT_2003_,regime内同比,2012-10-15,REALTIME_ASSUMED,CONSERVATIVE_PROXY,OFFICIAL_NO_REV_AUDIT,conditional,true,true
2012-10-31,2012-10,8183764,8183764,亿日元,M,M2_CURRENT_AVG,BOJ,OFFICIAL_CANONICAL,M2_CURRENT_2003_,regime内同比,2012-11-15,REALTIME_ASSUMED,CONSERVATIVE_PROXY,OFFICIAL_NO_REV_AUDIT,conditional,true,true
2012-11-30,2012-11,8193913,8193913,亿日元,M,M2_CURRENT_AVG,BOJ,OFFICIAL_CANONICAL,M2_CURRENT_2003_,regime内同比,2012-12-15,REALTIME_ASSUMED,CONSERVATIVE_PROXY,OFFICIAL_NO_REV_AUDIT,conditional,true,true
2012-12-31,2012-12,8276923,8276923,亿日元,M,M2_CURRENT_AVG,BOJ,OFFICIAL_CANONICAL,M2_CURRENT_2003_,regime内同比,2013-01-15,REALTIME_ASSUMED,CONSERVATIVE_PROXY,OFFICIAL_NO_REV_AUDIT,conditional,true,true
2013-01-31,2013-01,8299554,8299554,亿日元,M,M2_CURRENT_AVG,BOJ,OFFICIAL_CANONICAL,M2_CURRENT_2003_,regime内同比,2013-02-15,REALTIME_ASSUMED,CONSERVATIVE_PROXY,OFFICIAL_NO_REV_AUDIT,conditional,true,true
2013-02-28,2013-02,8282805,8282805,亿日元,M,M2_CURRENT_AVG,BOJ,OFFICIAL_CANONICAL,M2_CURRENT_2003_,regime内同比,2013-03-15,REALTIME_ASSUMED,CONSERVATIVE_PROXY,OFFICIAL_NO_REV_AUDIT,conditional,true,true
2013-03-31,2013-03,8338735,8338735,亿日元,M,M2_CURRENT_AVG,BOJ,OFFICIAL_CANONICAL,M2_CURRENT_2003_,regime内同比,2013-04-15,REALTIME_ASSUMED,CONSERVATIVE_PROXY,OFFICIAL_NO_REV_AUDIT,conditional,true,true
2013-04-30,2013-04,8437335,8437335,亿日元,M,M2_CURRENT_AVG,BOJ,OFFICIAL_CANONICAL,M2_CURRENT_2003_,regime内同比,2013-05-15,REALTIME_ASSUMED,CONSERVATIVE_PROXY,OFFICIAL_NO_REV_AUDIT,conditional,true,true
2013-05-31,2013-05,8440305,8440305,亿日元,M,M2_CURRENT_AVG,BOJ,OFFICIAL_CANONICAL,M2_CURRENT_2003_,regime内同比,2013-06-15,REALTIME_ASSUMED,CONSERVATIVE_PROXY,OFFICIAL_NO_REV_AUDIT,conditional,true,true
2013-06-30,2013-06,8496379,8496379,亿日元,M,M2_CURRENT_AVG,BOJ,OFFICIAL_CANONICAL,M2_CURRENT_2003_,regime内同比,2013-07-15,REALTIME_ASSUMED,CONSERVATIVE_PROXY,OFFICIAL_NO_REV_AUDIT,conditional,true,true
2013-07-31,2013-07,8505401,8505401,亿日元,M,M2_CURRENT_AVG,BOJ,OFFICIAL_CANONICAL,M2_CURRENT_2003_,regime内同比,2013-08-15,REALTIME_ASSUMED,CONSERVATIVE_PROXY,OFFICIAL_NO_REV_AUDIT,conditional,true,true
2013-08-31,2013-08,8498909,8498909,亿日元,M,M2_CURRENT_AVG,BOJ,OFFICIAL_CANONICAL,M2_CURRENT_2003_,regime内同比,2013-09-15,REALTIME_ASSUMED,CONSERVATIVE_PROXY,OFFICIAL_NO_REV_AUDIT,conditional,true,true
2013-09-30,2013-09,8507913,8507913,亿日元,M,M2_CURRENT_AVG,BOJ,OFFICIAL_CANONICAL,M2_CURRENT_2003_,regime内同比,2013-10-15,REALTIME_ASSUMED,CONSERVATIVE_PROXY,OFFICIAL_NO_REV_AUDIT,conditional,true,true
2013-10-31,2013-10,8520882,8520882,亿日元,M,M2_CURRENT_AVG,BOJ,OFFICIAL_CANONICAL,M2_CURRENT_2003_,regime内同比,2013-11-15,REALTIME_ASSUMED,CONSERVATIVE_PROXY,OFFICIAL_NO_REV_AUDIT,conditional,true,true
2013-11-30,2013-11,8550157,8550157,亿日元,M,M2_CURRENT_AVG,BOJ,OFFICIAL_CANONICAL,M2_CURRENT_2003_,regime内同比,2013-12-15,REALTIME_ASSUMED,CONSERVATIVE_PROXY,OFFICIAL_NO_REV_AUDIT,conditional,true,true
2013-12-31,2013-12,8627674,8627674,亿日元,M,M2_CURRENT_AVG,BOJ,OFFICIAL_CANONICAL,M2_CURRENT_2003_,regime内同比,2014-01-15,REALTIME_ASSUMED,CONSERVATIVE_PROXY,OFFICIAL_NO_REV_AUDIT,conditional,true,true
2014-01-31,2014-01,8658882,8658882,亿日元,M,M2_CURRENT_AVG,BOJ,OFFICIAL_CANONICAL,M2_CURRENT_2003_,regime内同比,2014-02-15,REALTIME_ASSUMED,CONSERVATIVE_PROXY,OFFICIAL_NO_REV_AUDIT,conditional,true,true
2014-02-28,2014-02,8611077,8611077,亿日元,M,M2_CURRENT_AVG,BOJ,OFFICIAL_CANONICAL,M2_CURRENT_2003_,regime内同比,2014-03-15,REALTIME_ASSUMED,CONSERVATIVE_PROXY,OFFICIAL_NO_REV_AUDIT,conditional,true,true
2014-03-31,2014-03,8634439,8634439,亿日元,M,M2_CURRENT_AVG,BOJ,OFFICIAL_CANONICAL,M2_CURRENT_2003_,regime内同比,2014-04-15,REALTIME_ASSUMED,CONSERVATIVE_PROXY,OFFICIAL_NO_REV_AUDIT,conditional,true,true
2014-04-30,2014-04,8728308,8728308,亿日元,M,M2_CURRENT_AVG,BOJ,OFFICIAL_CANONICAL,M2_CURRENT_2003_,regime内同比,2014-05-15,REALTIME_ASSUMED,CONSERVATIVE_PROXY,OFFICIAL_NO_REV_AUDIT,conditional,true,true
2014-05-31,2014-05,8716091,8716091,亿日元,M,M2_CURRENT_AVG,BOJ,OFFICIAL_CANONICAL,M2_CURRENT_2003_,regime内同比,2014-06-15,REALTIME_ASSUMED,CONSERVATIVE_PROXY,OFFICIAL_NO_REV_AUDIT,conditional,true,true
2014-06-30,2014-06,8753539,8753539,亿日元,M,M2_CURRENT_AVG,BOJ,OFFICIAL_CANONICAL,M2_CURRENT_2003_,regime内同比,2014-07-15,REALTIME_ASSUMED,CONSERVATIVE_PROXY,OFFICIAL_NO_REV_AUDIT,conditional,true,true
2014-07-31,2014-07,8757077,8757077,亿日元,M,M2_CURRENT_AVG,BOJ,OFFICIAL_CANONICAL,M2_CURRENT_2003_,regime内同比,2014-08-15,REALTIME_ASSUMED,CONSERVATIVE_PROXY,OFFICIAL_NO_REV_AUDIT,conditional,true,true
2014-08-31,2014-08,8751629,8751629,亿日元,M,M2_CURRENT_AVG,BOJ,OFFICIAL_CANONICAL,M2_CURRENT_2003_,regime内同比,2014-09-15,REALTIME_ASSUMED,CONSERVATIVE_PROXY,OFFICIAL_NO_REV_AUDIT,conditional,true,true
2014-09-30,2014-09,8767152,8767152,亿日元,M,M2_CURRENT_AVG,BOJ,OFFICIAL_CANONICAL,M2_CURRENT_2003_,regime内同比,2014-10-15,REALTIME_ASSUMED,CONSERVATIVE_PROXY,OFFICIAL_NO_REV_AUDIT,conditional,true,true
2014-10-31,2014-10,8788034,8788034,亿日元,M,M2_CURRENT_AVG,BOJ,OFFICIAL_CANONICAL,M2_CURRENT_2003_,regime内同比,2014-11-15,REALTIME_ASSUMED,CONSERVATIVE_PROXY,OFFICIAL_NO_REV_AUDIT,conditional,true,true
2014-11-30,2014-11,8854000,8854000,亿日元,M,M2_CURRENT_AVG,BOJ,OFFICIAL_CANONICAL,M2_CURRENT_2003_,regime内同比,2014-12-15,REALTIME_ASSUMED,CONSERVATIVE_PROXY,OFFICIAL_NO_REV_AUDIT,conditional,true,true
2014-12-31,2014-12,8931353,8931353,亿日元,M,M2_CURRENT_AVG,BOJ,OFFICIAL_CANONICAL,M2_CURRENT_2003_,regime内同比,2015-01-15,REALTIME_ASSUMED,CONSERVATIVE_PROXY,OFFICIAL_NO_REV_AUDIT,conditional,true,true
2015-01-31,2015-01,8946578,8946578,亿日元,M,M2_CURRENT_AVG,BOJ,OFFICIAL_CANONICAL,M2_CURRENT_2003_,regime内同比,2015-02-15,REALTIME_ASSUMED,CONSERVATIVE_PROXY,OFFICIAL_NO_REV_AUDIT,conditional,true,true
2015-02-28,2015-02,8908583,8908583,亿日元,M,M2_CURRENT_AVG,BOJ,OFFICIAL_CANONICAL,M2_CURRENT_2003_,regime内同比,2015-03-15,REALTIME_ASSUMED,CONSERVATIVE_PROXY,OFFICIAL_NO_REV_AUDIT,conditional,true,true
2015-03-31,2015-03,8943131,8943131,亿日元,M,M2_CURRENT_AVG,BOJ,OFFICIAL_CANONICAL,M2_CURRENT_2003_,regime内同比,2015-04-15,REALTIME_ASSUMED,CONSERVATIVE_PROXY,OFFICIAL_NO_REV_AUDIT,conditional,true,true
2015-04-30,2015-04,9040704,9040704,亿日元,M,M2_CURRENT_AVG,BOJ,OFFICIAL_CANONICAL,M2_CURRENT_2003_,regime内同比,2015-05-15,REALTIME_ASSUMED,CONSERVATIVE_PROXY,OFFICIAL_NO_REV_AUDIT,conditional,true,true
2015-05-31,2015-05,9070027,9070027,亿日元,M,M2_CURRENT_AVG,BOJ,OFFICIAL_CANONICAL,M2_CURRENT_2003_,regime内同比,2015-06-15,REALTIME_ASSUMED,CONSERVATIVE_PROXY,OFFICIAL_NO_REV_AUDIT,conditional,true,true
2015-06-30,2015-06,9090087,9090087,亿日元,M,M2_CURRENT_AVG,BOJ,OFFICIAL_CANONICAL,M2_CURRENT_2003_,regime内同比,2015-07-15,REALTIME_ASSUMED,CONSERVATIVE_PROXY,OFFICIAL_NO_REV_AUDIT,conditional,true,true
2015-07-31,2015-07,9102447,9102447,亿日元,M,M2_CURRENT_AVG,BOJ,OFFICIAL_CANONICAL,M2_CURRENT_2003_,regime内同比,2015-08-15,REALTIME_ASSUMED,CONSERVATIVE_PROXY,OFFICIAL_NO_REV_AUDIT,conditional,true,true
2015-08-31,2015-08,9112081,9112081,亿日元,M,M2_CURRENT_AVG,BOJ,OFFICIAL_CANONICAL,M2_CURRENT_2003_,regime内同比,2015-09-15,REALTIME_ASSUMED,CONSERVATIVE_PROXY,OFFICIAL_NO_REV_AUDIT,conditional,true,true
2015-09-30,2015-09,9096904,9096904,亿日元,M,M2_CURRENT_AVG,BOJ,OFFICIAL_CANONICAL,M2_CURRENT_2003_,regime内同比,2015-10-15,REALTIME_ASSUMED,CONSERVATIVE_PROXY,OFFICIAL_NO_REV_AUDIT,conditional,true,true
2015-10-31,2015-10,9105777,9105777,亿日元,M,M2_CURRENT_AVG,BOJ,OFFICIAL_CANONICAL,M2_CURRENT_2003_,regime内同比,2015-11-15,REALTIME_ASSUMED,CONSERVATIVE_PROXY,OFFICIAL_NO_REV_AUDIT,conditional,true,true
2015-11-30,2015-11,9145928,9145928,亿日元,M,M2_CURRENT_AVG,BOJ,OFFICIAL_CANONICAL,M2_CURRENT_2003_,regime内同比,2015-12-15,REALTIME_ASSUMED,CONSERVATIVE_PROXY,OFFICIAL_NO_REV_AUDIT,conditional,true,true
2015-12-31,2015-12,9206476,9206476,亿日元,M,M2_CURRENT_AVG,BOJ,OFFICIAL_CANONICAL,M2_CURRENT_2003_,regime内同比,2016-01-15,REALTIME_ASSUMED,CONSERVATIVE_PROXY,OFFICIAL_NO_REV_AUDIT,conditional,true,true
2016-01-31,2016-01,9226554,9226554,亿日元,M,M2_CURRENT_AVG,BOJ,OFFICIAL_CANONICAL,M2_CURRENT_2003_,regime内同比,2016-02-15,REALTIME_ASSUMED,CONSERVATIVE_PROXY,OFFICIAL_NO_REV_AUDIT,conditional,true,true
2016-02-29,2016-02,9183408,9183408,亿日元,M,M2_CURRENT_AVG,BOJ,OFFICIAL_CANONICAL,M2_CURRENT_2003_,regime内同比,2016-03-15,REALTIME_ASSUMED,CONSERVATIVE_PROXY,OFFICIAL_NO_REV_AUDIT,conditional,true,true
2016-03-31,2016-03,9214352,9214352,亿日元,M,M2_CURRENT_AVG,BOJ,OFFICIAL_CANONICAL,M2_CURRENT_2003_,regime内同比,2016-04-15,REALTIME_ASSUMED,CONSERVATIVE_PROXY,OFFICIAL_NO_REV_AUDIT,conditional,true,true
2016-04-30,2016-04,9337483,9337483,亿日元,M,M2_CURRENT_AVG,BOJ,OFFICIAL_CANONICAL,M2_CURRENT_2003_,regime内同比,2016-05-15,REALTIME_ASSUMED,CONSERVATIVE_PROXY,OFFICIAL_NO_REV_AUDIT,conditional,true,true
2016-05-31,2016-05,9368340,9368340,亿日元,M,M2_CURRENT_AVG,BOJ,OFFICIAL_CANONICAL,M2_CURRENT_2003_,regime内同比,2016-06-15,REALTIME_ASSUMED,CONSERVATIVE_PROXY,OFFICIAL_NO_REV_AUDIT,conditional,true,true
2016-06-30,2016-06,9394599,9394599,亿日元,M,M2_CURRENT_AVG,BOJ,OFFICIAL_CANONICAL,M2_CURRENT_2003_,regime内同比,2016-07-15,REALTIME_ASSUMED,CONSERVATIVE_PROXY,OFFICIAL_NO_REV_AUDIT,conditional,true,true
2016-07-31,2016-07,9404959,9404959,亿日元,M,M2_CURRENT_AVG,BOJ,OFFICIAL_CANONICAL,M2_CURRENT_2003_,regime内同比,2016-08-15,REALTIME_ASSUMED,CONSERVATIVE_PROXY,OFFICIAL_NO_REV_AUDIT,conditional,true,true
2016-08-31,2016-08,9399942,9399942,亿日元,M,M2_CURRENT_AVG,BOJ,OFFICIAL_CANONICAL,M2_CURRENT_2003_,regime内同比,2016-09-15,REALTIME_ASSUMED,CONSERVATIVE_PROXY,OFFICIAL_NO_REV_AUDIT,conditional,true,true
2016-09-30,2016-09,9407430,9407430,亿日元,M,M2_CURRENT_AVG,BOJ,OFFICIAL_CANONICAL,M2_CURRENT_2003_,regime内同比,2016-10-15,REALTIME_ASSUMED,CONSERVATIVE_PROXY,OFFICIAL_NO_REV_AUDIT,conditional,true,true
2016-10-31,2016-10,9429381,9429381,亿日元,M,M2_CURRENT_AVG,BOJ,OFFICIAL_CANONICAL,M2_CURRENT_2003_,regime内同比,2016-11-15,REALTIME_ASSUMED,CONSERVATIVE_PROXY,OFFICIAL_NO_REV_AUDIT,conditional,true,true
2016-11-30,2016-11,9494509,9494509,亿日元,M,M2_CURRENT_AVG,BOJ,OFFICIAL_CANONICAL,M2_CURRENT_2003_,regime内同比,2016-12-15,REALTIME_ASSUMED,CONSERVATIVE_PROXY,OFFICIAL_NO_REV_AUDIT,conditional,true,true
2016-12-31,2016-12,9563427,9563427,亿日元,M,M2_CURRENT_AVG,BOJ,OFFICIAL_CANONICAL,M2_CURRENT_2003_,regime内同比,2017-01-15,REALTIME_ASSUMED,CONSERVATIVE_PROXY,OFFICIAL_NO_REV_AUDIT,conditional,true,true
2017-01-31,2017-01,9590487,9590487,亿日元,M,M2_CURRENT_AVG,BOJ,OFFICIAL_CANONICAL,M2_CURRENT_2003_,regime内同比,2017-02-15,REALTIME_ASSUMED,CONSERVATIVE_PROXY,OFFICIAL_NO_REV_AUDIT,conditional,true,true
2017-02-28,2017-02,9561292,9561292,亿日元,M,M2_CURRENT_AVG,BOJ,OFFICIAL_CANONICAL,M2_CURRENT_2003_,regime内同比,2017-03-15,REALTIME_ASSUMED,CONSERVATIVE_PROXY,OFFICIAL_NO_REV_AUDIT,conditional,true,true
2017-03-31,2017-03,9597629,9597629,亿日元,M,M2_CURRENT_AVG,BOJ,OFFICIAL_CANONICAL,M2_CURRENT_2003_,regime内同比,2017-04-15,REALTIME_ASSUMED,CONSERVATIVE_PROXY,OFFICIAL_NO_REV_AUDIT,conditional,true,true
2017-04-30,2017-04,9702896,9702896,亿日元,M,M2_CURRENT_AVG,BOJ,OFFICIAL_CANONICAL,M2_CURRENT_2003_,regime内同比,2017-05-15,REALTIME_ASSUMED,CONSERVATIVE_PROXY,OFFICIAL_NO_REV_AUDIT,conditional,true,true
2017-05-31,2017-05,9723663,9723663,亿日元,M,M2_CURRENT_AVG,BOJ,OFFICIAL_CANONICAL,M2_CURRENT_2003_,regime内同比,2017-06-15,REALTIME_ASSUMED,CONSERVATIVE_PROXY,OFFICIAL_NO_REV_AUDIT,conditional,true,true
2017-06-30,2017-06,9763583,9763583,亿日元,M,M2_CURRENT_AVG,BOJ,OFFICIAL_CANONICAL,M2_CURRENT_2003_,regime内同比,2017-07-15,REALTIME_ASSUMED,CONSERVATIVE_PROXY,OFFICIAL_NO_REV_AUDIT,conditional,true,true
2017-07-31,2017-07,9781486,9781486,亿日元,M,M2_CURRENT_AVG,BOJ,OFFICIAL_CANONICAL,M2_CURRENT_2003_,regime内同比,2017-08-15,REALTIME_ASSUMED,CONSERVATIVE_PROXY,OFFICIAL_NO_REV_AUDIT,conditional,true,true
2017-08-31,2017-08,9776216,9776216,亿日元,M,M2_CURRENT_AVG,BOJ,OFFICIAL_CANONICAL,M2_CURRENT_2003_,regime内同比,2017-09-15,REALTIME_ASSUMED,CONSERVATIVE_PROXY,OFFICIAL_NO_REV_AUDIT,conditional,true,true
2017-09-30,2017-09,9788225,9788225,亿日元,M,M2_CURRENT_AVG,BOJ,OFFICIAL_CANONICAL,M2_CURRENT_2003_,regime内同比,2017-10-15,REALTIME_ASSUMED,CONSERVATIVE_PROXY,OFFICIAL_NO_REV_AUDIT,conditional,true,true
2017-10-31,2017-10,9813059,9813059,亿日元,M,M2_CURRENT_AVG,BOJ,OFFICIAL_CANONICAL,M2_CURRENT_2003_,regime内同比,2017-11-15,REALTIME_ASSUMED,CONSERVATIVE_PROXY,OFFICIAL_NO_REV_AUDIT,conditional,true,true
2017-11-30,2017-11,9874847,9874847,亿日元,M,M2_CURRENT_AVG,BOJ,OFFICIAL_CANONICAL,M2_CURRENT_2003_,regime内同比,2017-12-15,REALTIME_ASSUMED,CONSERVATIVE_PROXY,OFFICIAL_NO_REV_AUDIT,conditional,true,true
2017-12-31,2017-12,9905721,9905721,亿日元,M,M2_CURRENT_AVG,BOJ,OFFICIAL_CANONICAL,M2_CURRENT_2003_,regime内同比,2018-01-15,REALTIME_ASSUMED,CONSERVATIVE_PROXY,OFFICIAL_NO_REV_AUDIT,conditional,true,true
2018-01-31,2018-01,9917009,9917009,亿日元,M,M2_CURRENT_AVG,BOJ,OFFICIAL_CANONICAL,M2_CURRENT_2003_,regime内同比,2018-02-15,REALTIME_ASSUMED,CONSERVATIVE_PROXY,OFFICIAL_NO_REV_AUDIT,conditional,true,true
2018-02-28,2018-02,9865773,9865773,亿日元,M,M2_CURRENT_AVG,BOJ,OFFICIAL_CANONICAL,M2_CURRENT_2003_,regime内同比,2018-03-15,REALTIME_ASSUMED,CONSERVATIVE_PROXY,OFFICIAL_NO_REV_AUDIT,conditional,true,true
2018-03-31,2018-03,9890903,9890903,亿日元,M,M2_CURRENT_AVG,BOJ,OFFICIAL_CANONICAL,M2_CURRENT_2003_,regime内同比,2018-04-15,REALTIME_ASSUMED,CONSERVATIVE_PROXY,OFFICIAL_NO_REV_AUDIT,conditional,true,true
2018-04-30,2018-04,10010867,10010867,亿日元,M,M2_CURRENT_AVG,BOJ,OFFICIAL_CANONICAL,M2_CURRENT_2003_,regime内同比,2018-05-15,REALTIME_ASSUMED,CONSERVATIVE_PROXY,OFFICIAL_NO_REV_AUDIT,conditional,true,true
2018-05-31,2018-05,10031511,10031511,亿日元,M,M2_CURRENT_AVG,BOJ,OFFICIAL_CANONICAL,M2_CURRENT_2003_,regime内同比,2018-06-15,REALTIME_ASSUMED,CONSERVATIVE_PROXY,OFFICIAL_NO_REV_AUDIT,conditional,true,true
2018-06-30,2018-06,10066296,10066296,亿日元,M,M2_CURRENT_AVG,BOJ,OFFICIAL_CANONICAL,M2_CURRENT_2003_,regime内同比,2018-07-15,REALTIME_ASSUMED,CONSERVATIVE_PROXY,OFFICIAL_NO_REV_AUDIT,conditional,true,true
2018-07-31,2018-07,10068028,10068028,亿日元,M,M2_CURRENT_AVG,BOJ,OFFICIAL_CANONICAL,M2_CURRENT_2003_,regime内同比,2018-08-15,REALTIME_ASSUMED,CONSERVATIVE_PROXY,OFFICIAL_NO_REV_AUDIT,conditional,true,true
2018-08-31,2018-08,10056582,10056582,亿日元,M,M2_CURRENT_AVG,BOJ,OFFICIAL_CANONICAL,M2_CURRENT_2003_,regime内同比,2018-09-15,REALTIME_ASSUMED,CONSERVATIVE_PROXY,OFFICIAL_NO_REV_AUDIT,conditional,true,true
2018-09-30,2018-09,10065900,10065900,亿日元,M,M2_CURRENT_AVG,BOJ,OFFICIAL_CANONICAL,M2_CURRENT_2003_,regime内同比,2018-10-15,REALTIME_ASSUMED,CONSERVATIVE_PROXY,OFFICIAL_NO_REV_AUDIT,conditional,true,true
2018-10-31,2018-10,10074396,10074396,亿日元,M,M2_CURRENT_AVG,BOJ,OFFICIAL_CANONICAL,M2_CURRENT_2003_,regime内同比,2018-11-15,REALTIME_ASSUMED,CONSERVATIVE_PROXY,OFFICIAL_NO_REV_AUDIT,conditional,true,true
2018-11-30,2018-11,10105049,10105049,亿日元,M,M2_CURRENT_AVG,BOJ,OFFICIAL_CANONICAL,M2_CURRENT_2003_,regime内同比,2018-12-15,REALTIME_ASSUMED,CONSERVATIVE_PROXY,OFFICIAL_NO_REV_AUDIT,conditional,true,true
2018-12-31,2018-12,10142429,10142429,亿日元,M,M2_CURRENT_AVG,BOJ,OFFICIAL_CANONICAL,M2_CURRENT_2003_,regime内同比,2019-01-15,REALTIME_ASSUMED,CONSERVATIVE_PROXY,OFFICIAL_NO_REV_AUDIT,conditional,true,true
2019-01-31,2019-01,10147973,10147973,亿日元,M,M2_CURRENT_AVG,BOJ,OFFICIAL_CANONICAL,M2_CURRENT_2003_,regime内同比,2019-02-15,REALTIME_ASSUMED,CONSERVATIVE_PROXY,OFFICIAL_NO_REV_AUDIT,conditional,true,true
2019-02-28,2019-02,10097697,10097697,亿日元,M,M2_CURRENT_AVG,BOJ,OFFICIAL_CANONICAL,M2_CURRENT_2003_,regime内同比,2019-03-15,REALTIME_ASSUMED,CONSERVATIVE_PROXY,OFFICIAL_NO_REV_AUDIT,conditional,true,true
2019-03-31,2019-03,10125050,10125050,亿日元,M,M2_CURRENT_AVG,BOJ,OFFICIAL_CANONICAL,M2_CURRENT_2003_,regime内同比,2019-04-15,REALTIME_ASSUMED,CONSERVATIVE_PROXY,OFFICIAL_NO_REV_AUDIT,conditional,true,true
2019-04-30,2019-04,10252191,10252191,亿日元,M,M2_CURRENT_AVG,BOJ,OFFICIAL_CANONICAL,M2_CURRENT_2003_,regime内同比,2019-05-15,REALTIME_ASSUMED,CONSERVATIVE_PROXY,OFFICIAL_NO_REV_AUDIT,conditional,true,true
2019-05-31,2019-05,10286310,10286310,亿日元,M,M2_CURRENT_AVG,BOJ,OFFICIAL_CANONICAL,M2_CURRENT_2003_,regime内同比,2019-06-15,REALTIME_ASSUMED,CONSERVATIVE_PROXY,OFFICIAL_NO_REV_AUDIT,conditional,true,true
2019-06-30,2019-06,10289611,10289611,亿日元,M,M2_CURRENT_AVG,BOJ,OFFICIAL_CANONICAL,M2_CURRENT_2003_,regime内同比,2019-07-15,REALTIME_ASSUMED,CONSERVATIVE_PROXY,OFFICIAL_NO_REV_AUDIT,conditional,true,true
2019-07-31,2019-07,10290435,10290435,亿日元,M,M2_CURRENT_AVG,BOJ,OFFICIAL_CANONICAL,M2_CURRENT_2003_,regime内同比,2019-08-15,REALTIME_ASSUMED,CONSERVATIVE_PROXY,OFFICIAL_NO_REV_AUDIT,conditional,true,true
2019-08-31,2019-08,10284205,10284205,亿日元,M,M2_CURRENT_AVG,BOJ,OFFICIAL_CANONICAL,M2_CURRENT_2003_,regime内同比,2019-09-15,REALTIME_ASSUMED,CONSERVATIVE_PROXY,OFFICIAL_NO_REV_AUDIT,conditional,true,true
2019-09-30,2019-09,10295668,10295668,亿日元,M,M2_CURRENT_AVG,BOJ,OFFICIAL_CANONICAL,M2_CURRENT_2003_,regime内同比,2019-10-15,REALTIME_ASSUMED,CONSERVATIVE_PROXY,OFFICIAL_NO_REV_AUDIT,conditional,true,true
2019-10-31,2019-10,10304091,10304091,亿日元,M,M2_CURRENT_AVG,BOJ,OFFICIAL_CANONICAL,M2_CURRENT_2003_,regime内同比,2019-11-15,REALTIME_ASSUMED,CONSERVATIVE_PROXY,OFFICIAL_NO_REV_AUDIT,conditional,true,true
2019-11-30,2019-11,10365381,10365381,亿日元,M,M2_CURRENT_AVG,BOJ,OFFICIAL_CANONICAL,M2_CURRENT_2003_,regime内同比,2019-12-15,REALTIME_ASSUMED,CONSERVATIVE_PROXY,OFFICIAL_NO_REV_AUDIT,conditional,true,true
2019-12-31,2019-12,10404214,10404214,亿日元,M,M2_CURRENT_AVG,BOJ,OFFICIAL_CANONICAL,M2_CURRENT_2003_,regime内同比,2020-01-15,REALTIME_ASSUMED,CONSERVATIVE_PROXY,OFFICIAL_NO_REV_AUDIT,conditional,true,true
2020-01-31,2020-01,10416148,10416148,亿日元,M,M2_CURRENT_AVG,BOJ,OFFICIAL_CANONICAL,M2_CURRENT_2003_,regime内同比,2020-02-15,REALTIME_ASSUMED,CONSERVATIVE_PROXY,OFFICIAL_NO_REV_AUDIT,conditional,true,true
2020-02-29,2020-02,10384810,10384810,亿日元,M,M2_CURRENT_AVG,BOJ,OFFICIAL_CANONICAL,M2_CURRENT_2003_,regime内同比,2020-03-15,REALTIME_ASSUMED,CONSERVATIVE_PROXY,OFFICIAL_NO_REV_AUDIT,conditional,true,true
2020-03-31,2020-03,10442899,10442899,亿日元,M,M2_CURRENT_AVG,BOJ,OFFICIAL_CANONICAL,M2_CURRENT_2003_,regime内同比,2020-04-15,REALTIME_ASSUMED,CONSERVATIVE_PROXY,OFFICIAL_NO_REV_AUDIT,conditional,true,true
2020-04-30,2020-04,10630037,10630037,亿日元,M,M2_CURRENT_AVG,BOJ,OFFICIAL_CANONICAL,M2_CURRENT_2003_,regime内同比,2020-05-15,REALTIME_ASSUMED,CONSERVATIVE_PROXY,OFFICIAL_NO_REV_AUDIT,conditional,true,true
2020-05-31,2020-05,10812699,10812699,亿日元,M,M2_CURRENT_AVG,BOJ,OFFICIAL_CANONICAL,M2_CURRENT_2003_,regime内同比,2020-06-15,REALTIME_ASSUMED,CONSERVATIVE_PROXY,OFFICIAL_NO_REV_AUDIT,conditional,true,true
2020-06-30,2020-06,11036494,11036494,亿日元,M,M2_CURRENT_AVG,BOJ,OFFICIAL_CANONICAL,M2_CURRENT_2003_,regime内同比,2020-07-15,REALTIME_ASSUMED,CONSERVATIVE_PROXY,OFFICIAL_NO_REV_AUDIT,conditional,true,true
2020-07-31,2020-07,11102775,11102775,亿日元,M,M2_CURRENT_AVG,BOJ,OFFICIAL_CANONICAL,M2_CURRENT_2003_,regime内同比,2020-08-15,REALTIME_ASSUMED,CONSERVATIVE_PROXY,OFFICIAL_NO_REV_AUDIT,conditional,true,true
2020-08-31,2020-08,11168053,11168053,亿日元,M,M2_CURRENT_AVG,BOJ,OFFICIAL_CANONICAL,M2_CURRENT_2003_,regime内同比,2020-09-15,REALTIME_ASSUMED,CONSERVATIVE_PROXY,OFFICIAL_NO_REV_AUDIT,conditional,true,true
2020-09-30,2020-09,11219593,11219593,亿日元,M,M2_CURRENT_AVG,BOJ,OFFICIAL_CANONICAL,M2_CURRENT_2003_,regime内同比,2020-10-15,REALTIME_ASSUMED,CONSERVATIVE_PROXY,OFFICIAL_NO_REV_AUDIT,conditional,true,true
2020-10-31,2020-10,11232567,11232567,亿日元,M,M2_CURRENT_AVG,BOJ,OFFICIAL_CANONICAL,M2_CURRENT_2003_,regime内同比,2020-11-15,REALTIME_ASSUMED,CONSERVATIVE_PROXY,OFFICIAL_NO_REV_AUDIT,conditional,true,true
2020-11-30,2020-11,11306001,11306001,亿日元,M,M2_CURRENT_AVG,BOJ,OFFICIAL_CANONICAL,M2_CURRENT_2003_,regime内同比,2020-12-15,REALTIME_ASSUMED,CONSERVATIVE_PROXY,OFFICIAL_NO_REV_AUDIT,conditional,true,true
2020-12-31,2020-12,11359680,11359680,亿日元,M,M2_CURRENT_AVG,BOJ,OFFICIAL_CANONICAL,M2_CURRENT_2003_,regime内同比,2021-01-15,REALTIME_ASSUMED,CONSERVATIVE_PROXY,OFFICIAL_NO_REV_AUDIT,conditional,true,true
2021-01-31,2021-01,11400194,11400194,亿日元,M,M2_CURRENT_AVG,BOJ,OFFICIAL_CANONICAL,M2_CURRENT_2003_,regime内同比,2021-02-15,REALTIME_ASSUMED,CONSERVATIVE_PROXY,OFFICIAL_NO_REV_AUDIT,conditional,true,true
2021-02-28,2021-02,11384748,11384748,亿日元,M,M2_CURRENT_AVG,BOJ,OFFICIAL_CANONICAL,M2_CURRENT_2003_,regime内同比,2021-03-15,REALTIME_ASSUMED,CONSERVATIVE_PROXY,OFFICIAL_NO_REV_AUDIT,conditional,true,true
2021-03-31,2021-03,11436375,11436375,亿日元,M,M2_CURRENT_AVG,BOJ,OFFICIAL_CANONICAL,M2_CURRENT_2003_,regime内同比,2021-04-15,REALTIME_ASSUMED,CONSERVATIVE_PROXY,OFFICIAL_NO_REV_AUDIT,conditional,true,true
2021-04-30,2021-04,11617797,11617797,亿日元,M,M2_CURRENT_AVG,BOJ,OFFICIAL_CANONICAL,M2_CURRENT_2003_,regime内同比,2021-05-15,REALTIME_ASSUMED,CONSERVATIVE_PROXY,OFFICIAL_NO_REV_AUDIT,conditional,true,true
2021-05-31,2021-05,11675413,11675413,亿日元,M,M2_CURRENT_AVG,BOJ,OFFICIAL_CANONICAL,M2_CURRENT_2003_,regime内同比,2021-06-15,REALTIME_ASSUMED,CONSERVATIVE_PROXY,OFFICIAL_NO_REV_AUDIT,conditional,true,true
2021-06-30,2021-06,11690901,11690901,亿日元,M,M2_CURRENT_AVG,BOJ,OFFICIAL_CANONICAL,M2_CURRENT_2003_,regime内同比,2021-07-15,REALTIME_ASSUMED,CONSERVATIVE_PROXY,OFFICIAL_NO_REV_AUDIT,conditional,true,true
2021-07-31,2021-07,11690056,11690056,亿日元,M,M2_CURRENT_AVG,BOJ,OFFICIAL_CANONICAL,M2_CURRENT_2003_,regime内同比,2021-08-15,REALTIME_ASSUMED,CONSERVATIVE_PROXY,OFFICIAL_NO_REV_AUDIT,conditional,true,true
2021-08-31,2021-08,11688405,11688405,亿日元,M,M2_CURRENT_AVG,BOJ,OFFICIAL_CANONICAL,M2_CURRENT_2003_,regime内同比,2021-09-15,REALTIME_ASSUMED,CONSERVATIVE_PROXY,OFFICIAL_NO_REV_AUDIT,conditional,true,true
2021-09-30,2021-09,11691501,11691501,亿日元,M,M2_CURRENT_AVG,BOJ,OFFICIAL_CANONICAL,M2_CURRENT_2003_,regime内同比,2021-10-15,REALTIME_ASSUMED,CONSERVATIVE_PROXY,OFFICIAL_NO_REV_AUDIT,conditional,true,true
2021-10-31,2021-10,11705647,11705647,亿日元,M,M2_CURRENT_AVG,BOJ,OFFICIAL_CANONICAL,M2_CURRENT_2003_,regime内同比,2021-11-15,REALTIME_ASSUMED,CONSERVATIVE_PROXY,OFFICIAL_NO_REV_AUDIT,conditional,true,true
2021-11-30,2021-11,11756672,11756672,亿日元,M,M2_CURRENT_AVG,BOJ,OFFICIAL_CANONICAL,M2_CURRENT_2003_,regime内同比,2021-12-15,REALTIME_ASSUMED,CONSERVATIVE_PROXY,OFFICIAL_NO_REV_AUDIT,conditional,true,true
2021-12-31,2021-12,11782086,11782086,亿日元,M,M2_CURRENT_AVG,BOJ,OFFICIAL_CANONICAL,M2_CURRENT_2003_,regime内同比,2022-01-15,REALTIME_ASSUMED,CONSERVATIVE_PROXY,OFFICIAL_NO_REV_AUDIT,conditional,true,true
2022-01-31,2022-01,11813179,11813179,亿日元,M,M2_CURRENT_AVG,BOJ,OFFICIAL_CANONICAL,M2_CURRENT_2003_,regime内同比,2022-02-15,REALTIME_ASSUMED,CONSERVATIVE_PROXY,OFFICIAL_NO_REV_AUDIT,conditional,true,true
2022-02-28,2022-02,11789009,11789009,亿日元,M,M2_CURRENT_AVG,BOJ,OFFICIAL_CANONICAL,M2_CURRENT_2003_,regime内同比,2022-03-15,REALTIME_ASSUMED,CONSERVATIVE_PROXY,OFFICIAL_NO_REV_AUDIT,conditional,true,true
2022-03-31,2022-03,11833171,11833171,亿日元,M,M2_CURRENT_AVG,BOJ,OFFICIAL_CANONICAL,M2_CURRENT_2003_,regime内同比,2022-04-15,REALTIME_ASSUMED,CONSERVATIVE_PROXY,OFFICIAL_NO_REV_AUDIT,conditional,true,true
2022-04-30,2022-04,12018499,12018499,亿日元,M,M2_CURRENT_AVG,BOJ,OFFICIAL_CANONICAL,M2_CURRENT_2003_,regime内同比,2022-05-15,REALTIME_ASSUMED,CONSERVATIVE_PROXY,OFFICIAL_NO_REV_AUDIT,conditional,true,true
2022-05-31,2022-05,12042833,12042833,亿日元,M,M2_CURRENT_AVG,BOJ,OFFICIAL_CANONICAL,M2_CURRENT_2003_,regime内同比,2022-06-15,REALTIME_ASSUMED,CONSERVATIVE_PROXY,OFFICIAL_NO_REV_AUDIT,conditional,true,true
2022-06-30,2022-06,12078178,12078178,亿日元,M,M2_CURRENT_AVG,BOJ,OFFICIAL_CANONICAL,M2_CURRENT_2003_,regime内同比,2022-07-15,REALTIME_ASSUMED,CONSERVATIVE_PROXY,OFFICIAL_NO_REV_AUDIT,conditional,true,true
2022-07-31,2022-07,12088016,12088016,亿日元,M,M2_CURRENT_AVG,BOJ,OFFICIAL_CANONICAL,M2_CURRENT_2003_,regime内同比,2022-08-15,REALTIME_ASSUMED,CONSERVATIVE_PROXY,OFFICIAL_NO_REV_AUDIT,conditional,true,true
2022-08-31,2022-08,12088202,12088202,亿日元,M,M2_CURRENT_AVG,BOJ,OFFICIAL_CANONICAL,M2_CURRENT_2003_,regime内同比,2022-09-15,REALTIME_ASSUMED,CONSERVATIVE_PROXY,OFFICIAL_NO_REV_AUDIT,conditional,true,true
2022-09-30,2022-09,12075500,12075500,亿日元,M,M2_CURRENT_AVG,BOJ,OFFICIAL_CANONICAL,M2_CURRENT_2003_,regime内同比,2022-10-15,REALTIME_ASSUMED,CONSERVATIVE_PROXY,OFFICIAL_NO_REV_AUDIT,conditional,true,true
2022-10-31,2022-10,12064408,12064408,亿日元,M,M2_CURRENT_AVG,BOJ,OFFICIAL_CANONICAL,M2_CURRENT_2003_,regime内同比,2022-11-15,REALTIME_ASSUMED,CONSERVATIVE_PROXY,OFFICIAL_NO_REV_AUDIT,conditional,true,true
2022-11-30,2022-11,12124935,12124935,亿日元,M,M2_CURRENT_AVG,BOJ,OFFICIAL_CANONICAL,M2_CURRENT_2003_,regime内同比,2022-12-15,REALTIME_ASSUMED,CONSERVATIVE_PROXY,OFFICIAL_NO_REV_AUDIT,conditional,true,true
2022-12-31,2022-12,12128301,12128301,亿日元,M,M2_CURRENT_AVG,BOJ,OFFICIAL_CANONICAL,M2_CURRENT_2003_,regime内同比,2023-01-15,REALTIME_ASSUMED,CONSERVATIVE_PROXY,OFFICIAL_NO_REV_AUDIT,conditional,true,true
2023-01-31,2023-01,12132455,12132455,亿日元,M,M2_CURRENT_AVG,BOJ,OFFICIAL_CANONICAL,M2_CURRENT_2003_,regime内同比,2023-02-15,REALTIME_ASSUMED,CONSERVATIVE_PROXY,OFFICIAL_NO_REV_AUDIT,conditional,true,true
2023-02-28,2023-02,12091386,12091386,亿日元,M,M2_CURRENT_AVG,BOJ,OFFICIAL_CANONICAL,M2_CURRENT_2003_,regime内同比,2023-03-15,REALTIME_ASSUMED,CONSERVATIVE_PROXY,OFFICIAL_NO_REV_AUDIT,conditional,true,true
2023-03-31,2023-03,12134406,12134406,亿日元,M,M2_CURRENT_AVG,BOJ,OFFICIAL_CANONICAL,M2_CURRENT_2003_,regime内同比,2023-04-15,REALTIME_ASSUMED,CONSERVATIVE_PROXY,OFFICIAL_NO_REV_AUDIT,conditional,true,true
2023-04-30,2023-04,12326939,12326939,亿日元,M,M2_CURRENT_AVG,BOJ,OFFICIAL_CANONICAL,M2_CURRENT_2003_,regime内同比,2023-05-15,REALTIME_ASSUMED,CONSERVATIVE_PROXY,OFFICIAL_NO_REV_AUDIT,conditional,true,true
2023-05-31,2023-05,12360428,12360428,亿日元,M,M2_CURRENT_AVG,BOJ,OFFICIAL_CANONICAL,M2_CURRENT_2003_,regime内同比,2023-06-15,REALTIME_ASSUMED,CONSERVATIVE_PROXY,OFFICIAL_NO_REV_AUDIT,conditional,true,true
2023-06-30,2023-06,12392324,12392324,亿日元,M,M2_CURRENT_AVG,BOJ,OFFICIAL_CANONICAL,M2_CURRENT_2003_,regime内同比,2023-07-15,REALTIME_ASSUMED,CONSERVATIVE_PROXY,OFFICIAL_NO_REV_AUDIT,conditional,true,true
2023-07-31,2023-07,12388936,12388936,亿日元,M,M2_CURRENT_AVG,BOJ,OFFICIAL_CANONICAL,M2_CURRENT_2003_,regime内同比,2023-08-15,REALTIME_ASSUMED,CONSERVATIVE_PROXY,OFFICIAL_NO_REV_AUDIT,conditional,true,true
2023-08-31,2023-08,12385266,12385266,亿日元,M,M2_CURRENT_AVG,BOJ,OFFICIAL_CANONICAL,M2_CURRENT_2003_,regime内同比,2023-09-15,REALTIME_ASSUMED,CONSERVATIVE_PROXY,OFFICIAL_NO_REV_AUDIT,conditional,true,true
2023-09-30,2023-09,12363619,12363619,亿日元,M,M2_CURRENT_AVG,BOJ,OFFICIAL_CANONICAL,M2_CURRENT_2003_,regime内同比,2023-10-15,REALTIME_ASSUMED,CONSERVATIVE_PROXY,OFFICIAL_NO_REV_AUDIT,conditional,true,true
2023-10-31,2023-10,12353137,12353137,亿日元,M,M2_CURRENT_AVG,BOJ,OFFICIAL_CANONICAL,M2_CURRENT_2003_,regime内同比,2023-11-15,REALTIME_ASSUMED,CONSERVATIVE_PROXY,OFFICIAL_NO_REV_AUDIT,conditional,true,true
2023-11-30,2023-11,12399055,12399055,亿日元,M,M2_CURRENT_AVG,BOJ,OFFICIAL_CANONICAL,M2_CURRENT_2003_,regime内同比,2023-12-15,REALTIME_ASSUMED,CONSERVATIVE_PROXY,OFFICIAL_NO_REV_AUDIT,conditional,true,true
2023-12-31,2023-12,12409742,12409742,亿日元,M,M2_CURRENT_AVG,BOJ,OFFICIAL_CANONICAL,M2_CURRENT_2003_,regime内同比,2024-01-15,REALTIME_ASSUMED,CONSERVATIVE_PROXY,OFFICIAL_NO_REV_AUDIT,conditional,true,true
2024-01-31,2024-01,12430886,12430886,亿日元,M,M2_CURRENT_AVG,BOJ,OFFICIAL_CANONICAL,M2_CURRENT_2003_,regime内同比,2024-02-15,REALTIME_ASSUMED,CONSERVATIVE_PROXY,OFFICIAL_NO_REV_AUDIT,conditional,true,true
2024-02-29,2024-02,12387111,12387111,亿日元,M,M2_CURRENT_AVG,BOJ,OFFICIAL_CANONICAL,M2_CURRENT_2003_,regime内同比,2024-03-15,REALTIME_ASSUMED,CONSERVATIVE_PROXY,OFFICIAL_NO_REV_AUDIT,conditional,true,true
2024-03-31,2024-03,12443081,12443081,亿日元,M,M2_CURRENT_AVG,BOJ,OFFICIAL_CANONICAL,M2_CURRENT_2003_,regime内同比,2024-04-15,REALTIME_ASSUMED,CONSERVATIVE_PROXY,OFFICIAL_NO_REV_AUDIT,conditional,true,true
2024-04-30,2024-04,12599890,12599890,亿日元,M,M2_CURRENT_AVG,BOJ,OFFICIAL_CANONICAL,M2_CURRENT_2003_,regime内同比,2024-05-15,REALTIME_ASSUMED,CONSERVATIVE_PROXY,OFFICIAL_NO_REV_AUDIT,conditional,true,true
2024-05-31,2024-05,12588866,12588866,亿日元,M,M2_CURRENT_AVG,BOJ,OFFICIAL_CANONICAL,M2_CURRENT_2003_,regime内同比,2024-06-15,REALTIME_ASSUMED,CONSERVATIVE_PROXY,OFFICIAL_NO_REV_AUDIT,conditional,true,true
2024-06-30,2024-06,12574420,12574420,亿日元,M,M2_CURRENT_AVG,BOJ,OFFICIAL_CANONICAL,M2_CURRENT_2003_,regime内同比,2024-07-15,REALTIME_ASSUMED,CONSERVATIVE_PROXY,OFFICIAL_NO_REV_AUDIT,conditional,true,true
2024-07-31,2024-07,12569139,12569139,亿日元,M,M2_CURRENT_AVG,BOJ,OFFICIAL_CANONICAL,M2_CURRENT_2003_,regime内同比,2024-08-15,REALTIME_ASSUMED,CONSERVATIVE_PROXY,OFFICIAL_NO_REV_AUDIT,conditional,true,true
2024-08-31,2024-08,12548351,12548351,亿日元,M,M2_CURRENT_AVG,BOJ,OFFICIAL_CANONICAL,M2_CURRENT_2003_,regime内同比,2024-09-15,REALTIME_ASSUMED,CONSERVATIVE_PROXY,OFFICIAL_NO_REV_AUDIT,conditional,true,true
2024-09-30,2024-09,12517047,12517047,亿日元,M,M2_CURRENT_AVG,BOJ,OFFICIAL_CANONICAL,M2_CURRENT_2003_,regime内同比,2024-10-15,REALTIME_ASSUMED,CONSERVATIVE_PROXY,OFFICIAL_NO_REV_AUDIT,conditional,true,true
2024-10-31,2024-10,12500641,12500641,亿日元,M,M2_CURRENT_AVG,BOJ,OFFICIAL_CANONICAL,M2_CURRENT_2003_,regime内同比,2024-11-15,REALTIME_ASSUMED,CONSERVATIVE_PROXY,OFFICIAL_NO_REV_AUDIT,conditional,true,true
2024-11-30,2024-11,12549271,12549271,亿日元,M,M2_CURRENT_AVG,BOJ,OFFICIAL_CANONICAL,M2_CURRENT_2003_,regime内同比,2024-12-15,REALTIME_ASSUMED,CONSERVATIVE_PROXY,OFFICIAL_NO_REV_AUDIT,conditional,true,true
2024-12-31,2024-12,12576036,12576036,亿日元,M,M2_CURRENT_AVG,BOJ,OFFICIAL_CANONICAL,M2_CURRENT_2003_,regime内同比,2025-01-15,REALTIME_ASSUMED,CONSERVATIVE_PROXY,OFFICIAL_NO_REV_AUDIT,conditional,true,true
2025-01-31,2025-01,12594584,12594584,亿日元,M,M2_CURRENT_AVG,BOJ,OFFICIAL_CANONICAL,M2_CURRENT_2003_,regime内同比,2025-02-15,REALTIME_ASSUMED,CONSERVATIVE_PROXY,OFFICIAL_NO_REV_AUDIT,conditional,true,true
2025-02-28,2025-02,12532312,12532312,亿日元,M,M2_CURRENT_AVG,BOJ,OFFICIAL_CANONICAL,M2_CURRENT_2003_,regime内同比,2025-03-15,REALTIME_ASSUMED,CONSERVATIVE_PROXY,OFFICIAL_NO_REV_AUDIT,conditional,true,true
2025-03-31,2025-03,12546125,12546125,亿日元,M,M2_CURRENT_AVG,BOJ,OFFICIAL_CANONICAL,M2_CURRENT_2003_,regime内同比,2025-04-15,REALTIME_ASSUMED,CONSERVATIVE_PROXY,OFFICIAL_NO_REV_AUDIT,conditional,true,true
2025-04-30,2025-04,12661783,12661783,亿日元,M,M2_CURRENT_AVG,BOJ,OFFICIAL_CANONICAL,M2_CURRENT_2003_,regime内同比,2025-05-15,REALTIME_ASSUMED,CONSERVATIVE_PROXY,OFFICIAL_NO_REV_AUDIT,conditional,true,true
2025-05-31,2025-05,12670430,12670430,亿日元,M,M2_CURRENT_AVG,BOJ,OFFICIAL_CANONICAL,M2_CURRENT_2003_,regime内同比,2025-06-15,REALTIME_ASSUMED,CONSERVATIVE_PROXY,OFFICIAL_NO_REV_AUDIT,conditional,true,true
2025-06-30,2025-06,12681276,12681276,亿日元,M,M2_CURRENT_AVG,BOJ,OFFICIAL_CANONICAL,M2_CURRENT_2003_,regime内同比,2025-07-15,REALTIME_ASSUMED,CONSERVATIVE_PROXY,OFFICIAL_NO_REV_AUDIT,conditional,true,true
2025-07-31,2025-07,12696115,12696115,亿日元,M,M2_CURRENT_AVG,BOJ,OFFICIAL_CANONICAL,M2_CURRENT_2003_,regime内同比,2025-08-15,REALTIME_ASSUMED,CONSERVATIVE_PROXY,OFFICIAL_NO_REV_AUDIT,conditional,true,true
2025-08-31,2025-08,12712303,12712303,亿日元,M,M2_CURRENT_AVG,BOJ,OFFICIAL_CANONICAL,M2_CURRENT_2003_,regime内同比,2025-09-15,REALTIME_ASSUMED,CONSERVATIVE_PROXY,OFFICIAL_NO_REV_AUDIT,conditional,true,true
2025-09-30,2025-09,12708455,12708455,亿日元,M,M2_CURRENT_AVG,BOJ,OFFICIAL_CANONICAL,M2_CURRENT_2003_,regime内同比,2025-10-15,REALTIME_ASSUMED,CONSERVATIVE_PROXY,OFFICIAL_NO_REV_AUDIT,conditional,true,true
2025-10-31,2025-10,12701975,12701975,亿日元,M,M2_CURRENT_AVG,BOJ,OFFICIAL_CANONICAL,M2_CURRENT_2003_,regime内同比,2025-11-15,REALTIME_ASSUMED,CONSERVATIVE_PROXY,OFFICIAL_NO_REV_AUDIT,conditional,true,true
2025-11-30,2025-11,12766866,12766866,亿日元,M,M2_CURRENT_AVG,BOJ,OFFICIAL_CANONICAL,M2_CURRENT_2003_,regime内同比,2025-12-15,REALTIME_ASSUMED,CONSERVATIVE_PROXY,OFFICIAL_NO_REV_AUDIT,conditional,true,true
2025-12-31,2025-12,12789115,12789115,亿日元,M,M2_CURRENT_AVG,BOJ,OFFICIAL_CANONICAL,M2_CURRENT_2003_,regime内同比,2026-01-15,REALTIME_ASSUMED,CONSERVATIVE_PROXY,OFFICIAL_NO_REV_AUDIT,conditional,true,true
2026-01-31,2026-01,12790601,12790601,亿日元,M,M2_CURRENT_AVG,BOJ,OFFICIAL_CANONICAL,M2_CURRENT_2003_,regime内同比,2026-02-15,REALTIME_ASSUMED,CONSERVATIVE_PROXY,OFFICIAL_NO_REV_AUDIT,conditional,true,true
2026-02-28,2026-02,12747378,12747378,亿日元,M,M2_CURRENT_AVG,BOJ,OFFICIAL_CANONICAL,M2_CURRENT_2003_,regime内同比,2026-03-15,REALTIME_ASSUMED,CONSERVATIVE_PROXY,OFFICIAL_NO_REV_AUDIT,conditional,true,true
2026-03-31,2026-03,12795038,12795038,亿日元,M,M2_CURRENT_AVG,BOJ,OFFICIAL_CANONICAL,M2_CURRENT_2003_,regime内同比,2026-04-15,REALTIME_ASSUMED,CONSERVATIVE_PROXY,OFFICIAL_NO_REV_AUDIT,conditional,true,true
2026-04-30,2026-04,12956204,12956204,亿日元,M,M2_CURRENT_AVG,BOJ,OFFICIAL_CANONICAL,M2_CURRENT_2003_,regime内同比,2026-05-15,REALTIME_ASSUMED,CONSERVATIVE_PROXY,OFFICIAL_NO_REV_AUDIT,conditional,true,true
2026-05-31,2026-05,12980901,12980901,亿日元,M,M2_CURRENT_AVG,BOJ,OFFICIAL_CANONICAL,M2_CURRENT_2003_,regime内同比,2026-06-15,REALTIME_ASSUMED,CONSERVATIVE_PROXY,OFFICIAL_NO_REV_AUDIT,conditional,true,true
2026-06-30,2026-06,12961250,12961250,亿日元,M,M2_CURRENT_AVG,BOJ,OFFICIAL_CANONICAL,M2_CURRENT_2003_,regime内同比,2026-07-15,REALTIME_ASSUMED,CONSERVATIVE_PROXY,OFFICIAL_NO_REV_AUDIT,conditional,true,true
2026-07-31,2026-07,12970074,12970074,亿日元,M,M2_CURRENT_AVG,BOJ,OFFICIAL_CANONICAL,M2_CURRENT_2003_,regime内同比,2026-08-15,REALTIME_ASSUMED,CONSERVATIVE_PROXY,OFFICIAL_NO_REV_AUDIT,conditional,true,true
