quarter,value,variable,country,unit,source_note
2010-Q1,186506.57,cn_pboc_sector_credit,CN,CNY_100M,"PBOC 金融机构人民币信贷收支表 非金融企业及机关团体中长期贷款余额(亿元,月度季末取值) 栏目名沿革:2010-2014""非金融企业及其他部门贷款""(Loans to Non-financial Enterprises and Other Sectors)→2015-2019""非金融企业及机关团体贷款""→2020起""企（事）业单位贷款""(Loans to Non-financial Enterprises and Government Departments & Organizations);口径=境内贷款下非住户部门中长期贷款;2015/2020重命名观测值连续无跳变 definition break=仅栏目名变更 覆盖 2010Q1-2026Q2"
2010-Q2,196193.81,cn_pboc_sector_credit,CN,CNY_100M,"PBOC 金融机构人民币信贷收支表 非金融企业及机关团体中长期贷款余额(亿元,月度季末取值) 栏目名沿革:2010-2014""非金融企业及其他部门贷款""(Loans to Non-financial Enterprises and Other Sectors)→2015-2019""非金融企业及机关团体贷款""→2020起""企（事）业单位贷款""(Loans to Non-financial Enterprises and Government Departments & Organizations);口径=境内贷款下非住户部门中长期贷款;2015/2020重命名观测值连续无跳变 definition break=仅栏目名变更 覆盖 2010Q1-2026Q2"
2010-Q3,204958.51,cn_pboc_sector_credit,CN,CNY_100M,"PBOC 金融机构人民币信贷收支表 非金融企业及机关团体中长期贷款余额(亿元,月度季末取值) 栏目名沿革:2010-2014""非金融企业及其他部门贷款""(Loans to Non-financial Enterprises and Other Sectors)→2015-2019""非金融企业及机关团体贷款""→2020起""企（事）业单位贷款""(Loans to Non-financial Enterprises and Government Departments & Organizations);口径=境内贷款下非住户部门中长期贷款;2015/2020重命名观测值连续无跳变 definition break=仅栏目名变更 覆盖 2010Q1-2026Q2"
2010-Q4,210735.69,cn_pboc_sector_credit,CN,CNY_100M,"PBOC 金融机构人民币信贷收支表 非金融企业及机关团体中长期贷款余额(亿元,月度季末取值) 栏目名沿革:2010-2014""非金融企业及其他部门贷款""(Loans to Non-financial Enterprises and Other Sectors)→2015-2019""非金融企业及机关团体贷款""→2020起""企（事）业单位贷款""(Loans to Non-financial Enterprises and Government Departments & Organizations);口径=境内贷款下非住户部门中长期贷款;2015/2020重命名观测值连续无跳变 definition break=仅栏目名变更 覆盖 2010Q1-2026Q2"
2011-Q1,220384.02,cn_pboc_sector_credit,CN,CNY_100M,"PBOC 金融机构人民币信贷收支表 非金融企业及机关团体中长期贷款余额(亿元,月度季末取值) 栏目名沿革:2010-2014""非金融企业及其他部门贷款""(Loans to Non-financial Enterprises and Other Sectors)→2015-2019""非金融企业及机关团体贷款""→2020起""企（事）业单位贷款""(Loans to Non-financial Enterprises and Government Departments & Organizations);口径=境内贷款下非住户部门中长期贷款;2015/2020重命名观测值连续无跳变 definition break=仅栏目名变更 覆盖 2010Q1-2026Q2"
2011-Q2,224825.85,cn_pboc_sector_credit,CN,CNY_100M,"PBOC 金融机构人民币信贷收支表 非金融企业及机关团体中长期贷款余额(亿元,月度季末取值) 栏目名沿革:2010-2014""非金融企业及其他部门贷款""(Loans to Non-financial Enterprises and Other Sectors)→2015-2019""非金融企业及机关团体贷款""→2020起""企（事）业单位贷款""(Loans to Non-financial Enterprises and Government Departments & Organizations);口径=境内贷款下非住户部门中长期贷款;2015/2020重命名观测值连续无跳变 definition break=仅栏目名变更 覆盖 2010Q1-2026Q2"
2011-Q3,227614.46,cn_pboc_sector_credit,CN,CNY_100M,"PBOC 金融机构人民币信贷收支表 非金融企业及机关团体中长期贷款余额(亿元,月度季末取值) 栏目名沿革:2010-2014""非金融企业及其他部门贷款""(Loans to Non-financial Enterprises and Other Sectors)→2015-2019""非金融企业及机关团体贷款""→2020起""企（事）业单位贷款""(Loans to Non-financial Enterprises and Government Departments & Organizations);口径=境内贷款下非住户部门中长期贷款;2015/2020重命名观测值连续无跳变 definition break=仅栏目名变更 覆盖 2010Q1-2026Q2"
2011-Q4,231547.58,cn_pboc_sector_credit,CN,CNY_100M,"PBOC 金融机构人民币信贷收支表 非金融企业及机关团体中长期贷款余额(亿元,月度季末取值) 栏目名沿革:2010-2014""非金融企业及其他部门贷款""(Loans to Non-financial Enterprises and Other Sectors)→2015-2019""非金融企业及机关团体贷款""→2020起""企（事）业单位贷款""(Loans to Non-financial Enterprises and Government Departments & Organizations);口径=境内贷款下非住户部门中长期贷款;2015/2020重命名观测值连续无跳变 definition break=仅栏目名变更 覆盖 2010Q1-2026Q2"
2012-Q1,237745.9,cn_pboc_sector_credit,CN,CNY_100M,"PBOC 金融机构人民币信贷收支表 非金融企业及机关团体中长期贷款余额(亿元,月度季末取值) 栏目名沿革:2010-2014""非金融企业及其他部门贷款""(Loans to Non-financial Enterprises and Other Sectors)→2015-2019""非金融企业及机关团体贷款""→2020起""企（事）业单位贷款""(Loans to Non-financial Enterprises and Government Departments & Organizations);口径=境内贷款下非住户部门中长期贷款;2015/2020重命名观测值连续无跳变 definition break=仅栏目名变更 覆盖 2010Q1-2026Q2"
2012-Q2,242293.64,cn_pboc_sector_credit,CN,CNY_100M,"PBOC 金融机构人民币信贷收支表 非金融企业及机关团体中长期贷款余额(亿元,月度季末取值) 栏目名沿革:2010-2014""非金融企业及其他部门贷款""(Loans to Non-financial Enterprises and Other Sectors)→2015-2019""非金融企业及机关团体贷款""→2020起""企（事）业单位贷款""(Loans to Non-financial Enterprises and Government Departments & Organizations);口径=境内贷款下非住户部门中长期贷款;2015/2020重命名观测值连续无跳变 definition break=仅栏目名变更 覆盖 2010Q1-2026Q2"
2012-Q3,245732.98,cn_pboc_sector_credit,CN,CNY_100M,"PBOC 金融机构人民币信贷收支表 非金融企业及机关团体中长期贷款余额(亿元,月度季末取值) 栏目名沿革:2010-2014""非金融企业及其他部门贷款""(Loans to Non-financial Enterprises and Other Sectors)→2015-2019""非金融企业及机关团体贷款""→2020起""企（事）业单位贷款""(Loans to Non-financial Enterprises and Government Departments & Organizations);口径=境内贷款下非住户部门中长期贷款;2015/2020重命名观测值连续无跳变 definition break=仅栏目名变更 覆盖 2010Q1-2026Q2"
2012-Q4,247209.95,cn_pboc_sector_credit,CN,CNY_100M,"PBOC 金融机构人民币信贷收支表 非金融企业及机关团体中长期贷款余额(亿元,月度季末取值) 栏目名沿革:2010-2014""非金融企业及其他部门贷款""(Loans to Non-financial Enterprises and Other Sectors)→2015-2019""非金融企业及机关团体贷款""→2020起""企（事）业单位贷款""(Loans to Non-financial Enterprises and Government Departments & Organizations);口径=境内贷款下非住户部门中长期贷款;2015/2020重命名观测值连续无跳变 definition break=仅栏目名变更 覆盖 2010Q1-2026Q2"
2013-Q1,255576.4,cn_pboc_sector_credit,CN,CNY_100M,"PBOC 金融机构人民币信贷收支表 非金融企业及机关团体中长期贷款余额(亿元,月度季末取值) 栏目名沿革:2010-2014""非金融企业及其他部门贷款""(Loans to Non-financial Enterprises and Other Sectors)→2015-2019""非金融企业及机关团体贷款""→2020起""企（事）业单位贷款""(Loans to Non-financial Enterprises and Government Departments & Organizations);口径=境内贷款下非住户部门中长期贷款;2015/2020重命名观测值连续无跳变 definition break=仅栏目名变更 覆盖 2010Q1-2026Q2"
2013-Q2,260684.42,cn_pboc_sector_credit,CN,CNY_100M,"PBOC 金融机构人民币信贷收支表 非金融企业及机关团体中长期贷款余额(亿元,月度季末取值) 栏目名沿革:2010-2014""非金融企业及其他部门贷款""(Loans to Non-financial Enterprises and Other Sectors)→2015-2019""非金融企业及机关团体贷款""→2020起""企（事）业单位贷款""(Loans to Non-financial Enterprises and Government Departments & Organizations);口径=境内贷款下非住户部门中长期贷款;2015/2020重命名观测值连续无跳变 definition break=仅栏目名变更 覆盖 2010Q1-2026Q2"
2013-Q3,267950.75,cn_pboc_sector_credit,CN,CNY_100M,"PBOC 金融机构人民币信贷收支表 非金融企业及机关团体中长期贷款余额(亿元,月度季末取值) 栏目名沿革:2010-2014""非金融企业及其他部门贷款""(Loans to Non-financial Enterprises and Other Sectors)→2015-2019""非金融企业及机关团体贷款""→2020起""企（事）业单位贷款""(Loans to Non-financial Enterprises and Government Departments & Organizations);口径=境内贷款下非住户部门中长期贷款;2015/2020重命名观测值连续无跳变 definition break=仅栏目名变更 覆盖 2010Q1-2026Q2"
2013-Q4,270501.99,cn_pboc_sector_credit,CN,CNY_100M,"PBOC 金融机构人民币信贷收支表 非金融企业及机关团体中长期贷款余额(亿元,月度季末取值) 栏目名沿革:2010-2014""非金融企业及其他部门贷款""(Loans to Non-financial Enterprises and Other Sectors)→2015-2019""非金融企业及机关团体贷款""→2020起""企（事）业单位贷款""(Loans to Non-financial Enterprises and Government Departments & Organizations);口径=境内贷款下非住户部门中长期贷款;2015/2020重命名观测值连续无跳变 definition break=仅栏目名变更 覆盖 2010Q1-2026Q2"
2014-Q1,281725.43,cn_pboc_sector_credit,CN,CNY_100M,"PBOC 金融机构人民币信贷收支表 非金融企业及机关团体中长期贷款余额(亿元,月度季末取值) 栏目名沿革:2010-2014""非金融企业及其他部门贷款""(Loans to Non-financial Enterprises and Other Sectors)→2015-2019""非金融企业及机关团体贷款""→2020起""企（事）业单位贷款""(Loans to Non-financial Enterprises and Government Departments & Organizations);口径=境内贷款下非住户部门中长期贷款;2015/2020重命名观测值连续无跳变 definition break=仅栏目名变更 覆盖 2010Q1-2026Q2"
2014-Q2,291101.55,cn_pboc_sector_credit,CN,CNY_100M,"PBOC 金融机构人民币信贷收支表 非金融企业及机关团体中长期贷款余额(亿元,月度季末取值) 栏目名沿革:2010-2014""非金融企业及其他部门贷款""(Loans to Non-financial Enterprises and Other Sectors)→2015-2019""非金融企业及机关团体贷款""→2020起""企（事）业单位贷款""(Loans to Non-financial Enterprises and Government Departments & Organizations);口径=境内贷款下非住户部门中长期贷款;2015/2020重命名观测值连续无跳变 definition break=仅栏目名变更 覆盖 2010Q1-2026Q2"
2014-Q3,298359.63,cn_pboc_sector_credit,CN,CNY_100M,"PBOC 金融机构人民币信贷收支表 非金融企业及机关团体中长期贷款余额(亿元,月度季末取值) 栏目名沿革:2010-2014""非金融企业及其他部门贷款""(Loans to Non-financial Enterprises and Other Sectors)→2015-2019""非金融企业及机关团体贷款""→2020起""企（事）业单位贷款""(Loans to Non-financial Enterprises and Government Departments & Organizations);口径=境内贷款下非住户部门中长期贷款;2015/2020重命名观测值连续无跳变 definition break=仅栏目名变更 覆盖 2010Q1-2026Q2"
2014-Q4,308787.73,cn_pboc_sector_credit,CN,CNY_100M,"PBOC 金融机构人民币信贷收支表 非金融企业及机关团体中长期贷款余额(亿元,月度季末取值) 栏目名沿革:2010-2014""非金融企业及其他部门贷款""(Loans to Non-financial Enterprises and Other Sectors)→2015-2019""非金融企业及机关团体贷款""→2020起""企（事）业单位贷款""(Loans to Non-financial Enterprises and Government Departments & Organizations);口径=境内贷款下非住户部门中长期贷款;2015/2020重命名观测值连续无跳变 definition break=仅栏目名变更 覆盖 2010Q1-2026Q2"
2015-Q1,323587.36,cn_pboc_sector_credit,CN,CNY_100M,"PBOC 金融机构人民币信贷收支表 非金融企业及机关团体中长期贷款余额(亿元,月度季末取值) 栏目名沿革:2010-2014""非金融企业及其他部门贷款""(Loans to Non-financial Enterprises and Other Sectors)→2015-2019""非金融企业及机关团体贷款""→2020起""企（事）业单位贷款""(Loans to Non-financial Enterprises and Government Departments & Organizations);口径=境内贷款下非住户部门中长期贷款;2015/2020重命名观测值连续无跳变 definition break=仅栏目名变更 覆盖 2010Q1-2026Q2"
2015-Q2,332045.84,cn_pboc_sector_credit,CN,CNY_100M,"PBOC 金融机构人民币信贷收支表 非金融企业及机关团体中长期贷款余额(亿元,月度季末取值) 栏目名沿革:2010-2014""非金融企业及其他部门贷款""(Loans to Non-financial Enterprises and Other Sectors)→2015-2019""非金融企业及机关团体贷款""→2020起""企（事）业单位贷款""(Loans to Non-financial Enterprises and Government Departments & Organizations);口径=境内贷款下非住户部门中长期贷款;2015/2020重命名观测值连续无跳变 definition break=仅栏目名变更 覆盖 2010Q1-2026Q2"
2015-Q3,337861.33,cn_pboc_sector_credit,CN,CNY_100M,"PBOC 金融机构人民币信贷收支表 非金融企业及机关团体中长期贷款余额(亿元,月度季末取值) 栏目名沿革:2010-2014""非金融企业及其他部门贷款""(Loans to Non-financial Enterprises and Other Sectors)→2015-2019""非金融企业及机关团体贷款""→2020起""企（事）业单位贷款""(Loans to Non-financial Enterprises and Government Departments & Organizations);口径=境内贷款下非住户部门中长期贷款;2015/2020重命名观测值连续无跳变 definition break=仅栏目名变更 覆盖 2010Q1-2026Q2"
2015-Q4,344181.84,cn_pboc_sector_credit,CN,CNY_100M,"PBOC 金融机构人民币信贷收支表 非金融企业及机关团体中长期贷款余额(亿元,月度季末取值) 栏目名沿革:2010-2014""非金融企业及其他部门贷款""(Loans to Non-financial Enterprises and Other Sectors)→2015-2019""非金融企业及机关团体贷款""→2020起""企（事）业单位贷款""(Loans to Non-financial Enterprises and Government Departments & Organizations);口径=境内贷款下非住户部门中长期贷款;2015/2020重命名观测值连续无跳变 definition break=仅栏目名变更 覆盖 2010Q1-2026Q2"
2016-Q1,364528.92,cn_pboc_sector_credit,CN,CNY_100M,"PBOC 金融机构人民币信贷收支表 非金融企业及机关团体中长期贷款余额(亿元,月度季末取值) 栏目名沿革:2010-2014""非金融企业及其他部门贷款""(Loans to Non-financial Enterprises and Other Sectors)→2015-2019""非金融企业及机关团体贷款""→2020起""企（事）业单位贷款""(Loans to Non-financial Enterprises and Government Departments & Organizations);口径=境内贷款下非住户部门中长期贷款;2015/2020重命名观测值连续无跳变 definition break=仅栏目名变更 覆盖 2010Q1-2026Q2"
2016-Q2,369996.23,cn_pboc_sector_credit,CN,CNY_100M,"PBOC 金融机构人民币信贷收支表 非金融企业及机关团体中长期贷款余额(亿元,月度季末取值) 栏目名沿革:2010-2014""非金融企业及其他部门贷款""(Loans to Non-financial Enterprises and Other Sectors)→2015-2019""非金融企业及机关团体贷款""→2020起""企（事）业单位贷款""(Loans to Non-financial Enterprises and Government Departments & Organizations);口径=境内贷款下非住户部门中长期贷款;2015/2020重命名观测值连续无跳变 definition break=仅栏目名变更 覆盖 2010Q1-2026Q2"
2016-Q3,375982.44,cn_pboc_sector_credit,CN,CNY_100M,"PBOC 金融机构人民币信贷收支表 非金融企业及机关团体中长期贷款余额(亿元,月度季末取值) 栏目名沿革:2010-2014""非金融企业及其他部门贷款""(Loans to Non-financial Enterprises and Other Sectors)→2015-2019""非金融企业及机关团体贷款""→2020起""企（事）业单位贷款""(Loans to Non-financial Enterprises and Government Departments & Organizations);口径=境内贷款下非住户部门中长期贷款;2015/2020重命名观测值连续无跳变 definition break=仅栏目名变更 覆盖 2010Q1-2026Q2"
2016-Q4,385661.91,cn_pboc_sector_credit,CN,CNY_100M,"PBOC 金融机构人民币信贷收支表 非金融企业及机关团体中长期贷款余额(亿元,月度季末取值) 栏目名沿革:2010-2014""非金融企业及其他部门贷款""(Loans to Non-financial Enterprises and Other Sectors)→2015-2019""非金融企业及机关团体贷款""→2020起""企（事）业单位贷款""(Loans to Non-financial Enterprises and Government Departments & Organizations);口径=境内贷款下非住户部门中长期贷款;2015/2020重命名观测值连续无跳变 definition break=仅栏目名变更 覆盖 2010Q1-2026Q2"
2017-Q1,412919.83,cn_pboc_sector_credit,CN,CNY_100M,"PBOC 金融机构人民币信贷收支表 非金融企业及机关团体中长期贷款余额(亿元,月度季末取值) 栏目名沿革:2010-2014""非金融企业及其他部门贷款""(Loans to Non-financial Enterprises and Other Sectors)→2015-2019""非金融企业及机关团体贷款""→2020起""企（事）业单位贷款""(Loans to Non-financial Enterprises and Government Departments & Organizations);口径=境内贷款下非住户部门中长期贷款;2015/2020重命名观测值连续无跳变 definition break=仅栏目名变更 覆盖 2010Q1-2026Q2"
2017-Q2,428306.95,cn_pboc_sector_credit,CN,CNY_100M,"PBOC 金融机构人民币信贷收支表 非金融企业及机关团体中长期贷款余额(亿元,月度季末取值) 栏目名沿革:2010-2014""非金融企业及其他部门贷款""(Loans to Non-financial Enterprises and Other Sectors)→2015-2019""非金融企业及机关团体贷款""→2020起""企（事）业单位贷款""(Loans to Non-financial Enterprises and Government Departments & Organizations);口径=境内贷款下非住户部门中长期贷款;2015/2020重命名观测值连续无跳变 definition break=仅栏目名变更 覆盖 2010Q1-2026Q2"
2017-Q3,441302.93,cn_pboc_sector_credit,CN,CNY_100M,"PBOC 金融机构人民币信贷收支表 非金融企业及机关团体中长期贷款余额(亿元,月度季末取值) 栏目名沿革:2010-2014""非金融企业及其他部门贷款""(Loans to Non-financial Enterprises and Other Sectors)→2015-2019""非金融企业及机关团体贷款""→2020起""企（事）业单位贷款""(Loans to Non-financial Enterprises and Government Departments & Organizations);口径=境内贷款下非住户部门中长期贷款;2015/2020重命名观测值连续无跳变 definition break=仅栏目名变更 覆盖 2010Q1-2026Q2"
2017-Q4,450022.22,cn_pboc_sector_credit,CN,CNY_100M,"PBOC 金融机构人民币信贷收支表 非金融企业及机关团体中长期贷款余额(亿元,月度季末取值) 栏目名沿革:2010-2014""非金融企业及其他部门贷款""(Loans to Non-financial Enterprises and Other Sectors)→2015-2019""非金融企业及机关团体贷款""→2020起""企（事）业单位贷款""(Loans to Non-financial Enterprises and Government Departments & Organizations);口径=境内贷款下非住户部门中长期贷款;2015/2020重命名观测值连续无跳变 definition break=仅栏目名变更 覆盖 2010Q1-2026Q2"
2018-Q1,474125.29,cn_pboc_sector_credit,CN,CNY_100M,"PBOC 金融机构人民币信贷收支表 非金融企业及机关团体中长期贷款余额(亿元,月度季末取值) 栏目名沿革:2010-2014""非金融企业及其他部门贷款""(Loans to Non-financial Enterprises and Other Sectors)→2015-2019""非金融企业及机关团体贷款""→2020起""企（事）业单位贷款""(Loans to Non-financial Enterprises and Government Departments & Organizations);口径=境内贷款下非住户部门中长期贷款;2015/2020重命名观测值连续无跳变 definition break=仅栏目名变更 覆盖 2010Q1-2026Q2"
2018-Q2,486794.63,cn_pboc_sector_credit,CN,CNY_100M,"PBOC 金融机构人民币信贷收支表 非金融企业及机关团体中长期贷款余额(亿元,月度季末取值) 栏目名沿革:2010-2014""非金融企业及其他部门贷款""(Loans to Non-financial Enterprises and Other Sectors)→2015-2019""非金融企业及机关团体贷款""→2020起""企（事）业单位贷款""(Loans to Non-financial Enterprises and Government Departments & Organizations);口径=境内贷款下非住户部门中长期贷款;2015/2020重命名观测值连续无跳变 definition break=仅栏目名变更 覆盖 2010Q1-2026Q2"
2018-Q3,498951.75,cn_pboc_sector_credit,CN,CNY_100M,"PBOC 金融机构人民币信贷收支表 非金融企业及机关团体中长期贷款余额(亿元,月度季末取值) 栏目名沿革:2010-2014""非金融企业及其他部门贷款""(Loans to Non-financial Enterprises and Other Sectors)→2015-2019""非金融企业及机关团体贷款""→2020起""企（事）业单位贷款""(Loans to Non-financial Enterprises and Government Departments & Organizations);口径=境内贷款下非住户部门中长期贷款;2015/2020重命名观测值连续无跳变 definition break=仅栏目名变更 覆盖 2010Q1-2026Q2"
2018-Q4,505645.65,cn_pboc_sector_credit,CN,CNY_100M,"PBOC 金融机构人民币信贷收支表 非金融企业及机关团体中长期贷款余额(亿元,月度季末取值) 栏目名沿革:2010-2014""非金融企业及其他部门贷款""(Loans to Non-financial Enterprises and Other Sectors)→2015-2019""非金融企业及机关团体贷款""→2020起""企（事）业单位贷款""(Loans to Non-financial Enterprises and Government Departments & Organizations);口径=境内贷款下非住户部门中长期贷款;2015/2020重命名观测值连续无跳变 definition break=仅栏目名变更 覆盖 2010Q1-2026Q2"
2019-Q1,532273.47,cn_pboc_sector_credit,CN,CNY_100M,"PBOC 金融机构人民币信贷收支表 非金融企业及机关团体中长期贷款余额(亿元,月度季末取值) 栏目名沿革:2010-2014""非金融企业及其他部门贷款""(Loans to Non-financial Enterprises and Other Sectors)→2015-2019""非金融企业及机关团体贷款""→2020起""企（事）业单位贷款""(Loans to Non-financial Enterprises and Government Departments & Organizations);口径=境内贷款下非住户部门中长期贷款;2015/2020重命名观测值连续无跳变 definition break=仅栏目名变更 覆盖 2010Q1-2026Q2"
2019-Q2,541447.23,cn_pboc_sector_credit,CN,CNY_100M,"PBOC 金融机构人民币信贷收支表 非金融企业及机关团体中长期贷款余额(亿元,月度季末取值) 栏目名沿革:2010-2014""非金融企业及其他部门贷款""(Loans to Non-financial Enterprises and Other Sectors)→2015-2019""非金融企业及机关团体贷款""→2020起""企（事）业单位贷款""(Loans to Non-financial Enterprises and Government Departments & Organizations);口径=境内贷款下非住户部门中长期贷款;2015/2020重命名观测值连续无跳变 definition break=仅栏目名变更 覆盖 2010Q1-2026Q2"
2019-Q3,554981.7,cn_pboc_sector_credit,CN,CNY_100M,"PBOC 金融机构人民币信贷收支表 非金融企业及机关团体中长期贷款余额(亿元,月度季末取值) 栏目名沿革:2010-2014""非金融企业及其他部门贷款""(Loans to Non-financial Enterprises and Other Sectors)→2015-2019""非金融企业及机关团体贷款""→2020起""企（事）业单位贷款""(Loans to Non-financial Enterprises and Government Departments & Organizations);口径=境内贷款下非住户部门中长期贷款;2015/2020重命名观测值连续无跳变 definition break=仅栏目名变更 覆盖 2010Q1-2026Q2"
2019-Q4,565389.94,cn_pboc_sector_credit,CN,CNY_100M,"PBOC 金融机构人民币信贷收支表 非金融企业及机关团体中长期贷款余额(亿元,月度季末取值) 栏目名沿革:2010-2014""非金融企业及其他部门贷款""(Loans to Non-financial Enterprises and Other Sectors)→2015-2019""非金融企业及机关团体贷款""→2020起""企（事）业单位贷款""(Loans to Non-financial Enterprises and Government Departments & Organizations);口径=境内贷款下非住户部门中长期贷款;2015/2020重命名观测值连续无跳变 definition break=仅栏目名变更 覆盖 2010Q1-2026Q2"
2020-Q1,595828.3,cn_pboc_sector_credit,CN,CNY_100M,"PBOC 金融机构人民币信贷收支表 非金融企业及机关团体中长期贷款余额(亿元,月度季末取值) 栏目名沿革:2010-2014""非金融企业及其他部门贷款""(Loans to Non-financial Enterprises and Other Sectors)→2015-2019""非金融企业及机关团体贷款""→2020起""企（事）业单位贷款""(Loans to Non-financial Enterprises and Government Departments & Organizations);口径=境内贷款下非住户部门中长期贷款;2015/2020重命名观测值连续无跳变 definition break=仅栏目名变更 覆盖 2010Q1-2026Q2"
2020-Q2,613947.11,cn_pboc_sector_credit,CN,CNY_100M,"PBOC 金融机构人民币信贷收支表 非金融企业及机关团体中长期贷款余额(亿元,月度季末取值) 栏目名沿革:2010-2014""非金融企业及其他部门贷款""(Loans to Non-financial Enterprises and Other Sectors)→2015-2019""非金融企业及机关团体贷款""→2020起""企（事）业单位贷款""(Loans to Non-financial Enterprises and Government Departments & Organizations);口径=境内贷款下非住户部门中长期贷款;2015/2020重命名观测值连续无跳变 definition break=仅栏目名变更 覆盖 2010Q1-2026Q2"
2020-Q3,637882.57,cn_pboc_sector_credit,CN,CNY_100M,"PBOC 金融机构人民币信贷收支表 非金融企业及机关团体中长期贷款余额(亿元,月度季末取值) 栏目名沿革:2010-2014""非金融企业及其他部门贷款""(Loans to Non-financial Enterprises and Other Sectors)→2015-2019""非金融企业及机关团体贷款""→2020起""企（事）业单位贷款""(Loans to Non-financial Enterprises and Government Departments & Organizations);口径=境内贷款下非住户部门中长期贷款;2015/2020重命名观测值连续无跳变 definition break=仅栏目名变更 覆盖 2010Q1-2026Q2"
2020-Q4,653350.17,cn_pboc_sector_credit,CN,CNY_100M,"PBOC 金融机构人民币信贷收支表 非金融企业及机关团体中长期贷款余额(亿元,月度季末取值) 栏目名沿革:2010-2014""非金融企业及其他部门贷款""(Loans to Non-financial Enterprises and Other Sectors)→2015-2019""非金融企业及机关团体贷款""→2020起""企（事）业单位贷款""(Loans to Non-financial Enterprises and Government Departments & Organizations);口径=境内贷款下非住户部门中长期贷款;2015/2020重命名观测值连续无跳变 definition break=仅栏目名变更 覆盖 2010Q1-2026Q2"
2021-Q1,698205.49,cn_pboc_sector_credit,CN,CNY_100M,"PBOC 金融机构人民币信贷收支表 非金融企业及机关团体中长期贷款余额(亿元,月度季末取值) 栏目名沿革:2010-2014""非金融企业及其他部门贷款""(Loans to Non-financial Enterprises and Other Sectors)→2015-2019""非金融企业及机关团体贷款""→2020起""企（事）业单位贷款""(Loans to Non-financial Enterprises and Government Departments & Organizations);口径=境内贷款下非住户部门中长期贷款;2015/2020重命名观测值连续无跳变 definition break=仅栏目名变更 覆盖 2010Q1-2026Q2"
2021-Q2,719712.05,cn_pboc_sector_credit,CN,CNY_100M,"PBOC 金融机构人民币信贷收支表 非金融企业及机关团体中长期贷款余额(亿元,月度季末取值) 栏目名沿革:2010-2014""非金融企业及其他部门贷款""(Loans to Non-financial Enterprises and Other Sectors)→2015-2019""非金融企业及机关团体贷款""→2020起""企（事）业单位贷款""(Loans to Non-financial Enterprises and Government Departments & Organizations);口径=境内贷款下非住户部门中长期贷款;2015/2020重命名观测值连续无跳变 definition break=仅栏目名变更 覆盖 2010Q1-2026Q2"
2021-Q3,736843.46,cn_pboc_sector_credit,CN,CNY_100M,"PBOC 金融机构人民币信贷收支表 非金融企业及机关团体中长期贷款余额(亿元,月度季末取值) 栏目名沿革:2010-2014""非金融企业及其他部门贷款""(Loans to Non-financial Enterprises and Other Sectors)→2015-2019""非金融企业及机关团体贷款""→2020起""企（事）业单位贷款""(Loans to Non-financial Enterprises and Government Departments & Organizations);口径=境内贷款下非住户部门中长期贷款;2015/2020重命名观测值连续无跳变 definition break=仅栏目名变更 覆盖 2010Q1-2026Q2"
2021-Q4,745823.11,cn_pboc_sector_credit,CN,CNY_100M,"PBOC 金融机构人民币信贷收支表 非金融企业及机关团体中长期贷款余额(亿元,月度季末取值) 栏目名沿革:2010-2014""非金融企业及其他部门贷款""(Loans to Non-financial Enterprises and Other Sectors)→2015-2019""非金融企业及机关团体贷款""→2020起""企（事）业单位贷款""(Loans to Non-financial Enterprises and Government Departments & Organizations);口径=境内贷款下非住户部门中长期贷款;2015/2020重命名观测值连续无跳变 definition break=仅栏目名变更 覆盖 2010Q1-2026Q2"
2022-Q1,784598.32,cn_pboc_sector_credit,CN,CNY_100M,"PBOC 金融机构人民币信贷收支表 非金融企业及机关团体中长期贷款余额(亿元,月度季末取值) 栏目名沿革:2010-2014""非金融企业及其他部门贷款""(Loans to Non-financial Enterprises and Other Sectors)→2015-2019""非金融企业及机关团体贷款""→2020起""企（事）业单位贷款""(Loans to Non-financial Enterprises and Government Departments & Organizations);口径=境内贷款下非住户部门中长期贷款;2015/2020重命名观测值连续无跳变 definition break=仅栏目名变更 覆盖 2010Q1-2026Q2"
2022-Q2,807274.76,cn_pboc_sector_credit,CN,CNY_100M,"PBOC 金融机构人民币信贷收支表 非金融企业及机关团体中长期贷款余额(亿元,月度季末取值) 栏目名沿革:2010-2014""非金融企业及其他部门贷款""(Loans to Non-financial Enterprises and Other Sectors)→2015-2019""非金融企业及机关团体贷款""→2020起""企（事）业单位贷款""(Loans to Non-financial Enterprises and Government Departments & Organizations);口径=境内贷款下非住户部门中长期贷款;2015/2020重命名观测值连续无跳变 definition break=仅栏目名变更 覆盖 2010Q1-2026Q2"
2022-Q3,831620.31,cn_pboc_sector_credit,CN,CNY_100M,"PBOC 金融机构人民币信贷收支表 非金融企业及机关团体中长期贷款余额(亿元,月度季末取值) 栏目名沿革:2010-2014""非金融企业及其他部门贷款""(Loans to Non-financial Enterprises and Other Sectors)→2015-2019""非金融企业及机关团体贷款""→2020起""企（事）业单位贷款""(Loans to Non-financial Enterprises and Government Departments & Organizations);口径=境内贷款下非住户部门中长期贷款;2015/2020重命名观测值连续无跳变 definition break=仅栏目名变更 覆盖 2010Q1-2026Q2"
2022-Q4,855684.53,cn_pboc_sector_credit,CN,CNY_100M,"PBOC 金融机构人民币信贷收支表 非金融企业及机关团体中长期贷款余额(亿元,月度季末取值) 栏目名沿革:2010-2014""非金融企业及其他部门贷款""(Loans to Non-financial Enterprises and Other Sectors)→2015-2019""非金融企业及机关团体贷款""→2020起""企（事）业单位贷款""(Loans to Non-financial Enterprises and Government Departments & Organizations);口径=境内贷款下非住户部门中长期贷款;2015/2020重命名观测值连续无跳变 definition break=仅栏目名变更 覆盖 2010Q1-2026Q2"
2023-Q1,922968.75,cn_pboc_sector_credit,CN,CNY_100M,"PBOC 金融机构人民币信贷收支表 非金融企业及机关团体中长期贷款余额(亿元,月度季末取值) 栏目名沿革:2010-2014""非金融企业及其他部门贷款""(Loans to Non-financial Enterprises and Other Sectors)→2015-2019""非金融企业及机关团体贷款""→2020起""企（事）业单位贷款""(Loans to Non-financial Enterprises and Government Departments & Organizations);口径=境内贷款下非住户部门中长期贷款;2015/2020重命名观测值连续无跳变 definition break=仅栏目名变更 覆盖 2010Q1-2026Q2"
2023-Q2,953326.39,cn_pboc_sector_credit,CN,CNY_100M,"PBOC 金融机构人民币信贷收支表 非金融企业及机关团体中长期贷款余额(亿元,月度季末取值) 栏目名沿革:2010-2014""非金融企业及其他部门贷款""(Loans to Non-financial Enterprises and Other Sectors)→2015-2019""非金融企业及机关团体贷款""→2020起""企（事）业单位贷款""(Loans to Non-financial Enterprises and Government Departments & Organizations);口径=境内贷款下非住户部门中长期贷款;2015/2020重命名观测值连续无跳变 definition break=仅栏目名变更 覆盖 2010Q1-2026Q2"
2023-Q3,975023.01,cn_pboc_sector_credit,CN,CNY_100M,"PBOC 金融机构人民币信贷收支表 非金融企业及机关团体中长期贷款余额(亿元,月度季末取值) 栏目名沿革:2010-2014""非金融企业及其他部门贷款""(Loans to Non-financial Enterprises and Other Sectors)→2015-2019""非金融企业及机关团体贷款""→2020起""企（事）业单位贷款""(Loans to Non-financial Enterprises and Government Departments & Organizations);口径=境内贷款下非住户部门中长期贷款;2015/2020重命名观测值连续无跳变 definition break=仅栏目名变更 覆盖 2010Q1-2026Q2"
2023-Q4,991853.39,cn_pboc_sector_credit,CN,CNY_100M,"PBOC 金融机构人民币信贷收支表 非金融企业及机关团体中长期贷款余额(亿元,月度季末取值) 栏目名沿革:2010-2014""非金融企业及其他部门贷款""(Loans to Non-financial Enterprises and Other Sectors)→2015-2019""非金融企业及机关团体贷款""→2020起""企（事）业单位贷款""(Loans to Non-financial Enterprises and Government Departments & Organizations);口径=境内贷款下非住户部门中长期贷款;2015/2020重命名观测值连续无跳变 definition break=仅栏目名变更 覆盖 2010Q1-2026Q2"
2024-Q1,1053780.77,cn_pboc_sector_credit,CN,CNY_100M,"PBOC 金融机构人民币信贷收支表 非金融企业及机关团体中长期贷款余额(亿元,月度季末取值) 栏目名沿革:2010-2014""非金融企业及其他部门贷款""(Loans to Non-financial Enterprises and Other Sectors)→2015-2019""非金融企业及机关团体贷款""→2020起""企（事）业单位贷款""(Loans to Non-financial Enterprises and Government Departments & Organizations);口径=境内贷款下非住户部门中长期贷款;2015/2020重命名观测值连续无跳变 definition break=仅栏目名变更 覆盖 2010Q1-2026Q2"
2024-Q2,1072532.33,cn_pboc_sector_credit,CN,CNY_100M,"PBOC 金融机构人民币信贷收支表 非金融企业及机关团体中长期贷款余额(亿元,月度季末取值) 栏目名沿革:2010-2014""非金融企业及其他部门贷款""(Loans to Non-financial Enterprises and Other Sectors)→2015-2019""非金融企业及机关团体贷款""→2020起""企（事）业单位贷款""(Loans to Non-financial Enterprises and Government Departments & Organizations);口径=境内贷款下非住户部门中长期贷款;2015/2020重命名观测值连续无跳变 definition break=仅栏目名变更 覆盖 2010Q1-2026Q2"
2024-Q3,1088384.69,cn_pboc_sector_credit,CN,CNY_100M,"PBOC 金融机构人民币信贷收支表 非金融企业及机关团体中长期贷款余额(亿元,月度季末取值) 栏目名沿革:2010-2014""非金融企业及其他部门贷款""(Loans to Non-financial Enterprises and Other Sectors)→2015-2019""非金融企业及机关团体贷款""→2020起""企（事）业单位贷款""(Loans to Non-financial Enterprises and Government Departments & Organizations);口径=境内贷款下非住户部门中长期贷款;2015/2020重命名观测值连续无跳变 definition break=仅栏目名变更 覆盖 2010Q1-2026Q2"
2024-Q4,1092606.13,cn_pboc_sector_credit,CN,CNY_100M,"PBOC 金融机构人民币信贷收支表 非金融企业及机关团体中长期贷款余额(亿元,月度季末取值) 栏目名沿革:2010-2014""非金融企业及其他部门贷款""(Loans to Non-financial Enterprises and Other Sectors)→2015-2019""非金融企业及机关团体贷款""→2020起""企（事）业单位贷款""(Loans to Non-financial Enterprises and Government Departments & Organizations);口径=境内贷款下非住户部门中长期贷款;2015/2020重命名观测值连续无跳变 definition break=仅栏目名变更 覆盖 2010Q1-2026Q2"
2025-Q1,1148258.18,cn_pboc_sector_credit,CN,CNY_100M,"PBOC 金融机构人民币信贷收支表 非金融企业及机关团体中长期贷款余额(亿元,月度季末取值) 栏目名沿革:2010-2014""非金融企业及其他部门贷款""(Loans to Non-financial Enterprises and Other Sectors)→2015-2019""非金融企业及机关团体贷款""→2020起""企（事）业单位贷款""(Loans to Non-financial Enterprises and Government Departments & Organizations);口径=境内贷款下非住户部门中长期贷款;2015/2020重命名观测值连续无跳变 definition break=仅栏目名变更 覆盖 2010Q1-2026Q2"
2025-Q2,1164151.11,cn_pboc_sector_credit,CN,CNY_100M,"PBOC 金融机构人民币信贷收支表 非金融企业及机关团体中长期贷款余额(亿元,月度季末取值) 栏目名沿革:2010-2014""非金融企业及其他部门贷款""(Loans to Non-financial Enterprises and Other Sectors)→2015-2019""非金融企业及机关团体贷款""→2020起""企（事）业单位贷款""(Loans to Non-financial Enterprises and Government Departments & Organizations);口径=境内贷款下非住户部门中长期贷款;2015/2020重命名观测值连续无跳变 definition break=仅栏目名变更 覆盖 2010Q1-2026Q2"
2025-Q3,1175345.98,cn_pboc_sector_credit,CN,CNY_100M,"PBOC 金融机构人民币信贷收支表 非金融企业及机关团体中长期贷款余额(亿元,月度季末取值) 栏目名沿革:2010-2014""非金融企业及其他部门贷款""(Loans to Non-financial Enterprises and Other Sectors)→2015-2019""非金融企业及机关团体贷款""→2020起""企（事）业单位贷款""(Loans to Non-financial Enterprises and Government Departments & Organizations);口径=境内贷款下非住户部门中长期贷款;2015/2020重命名观测值连续无跳变 definition break=仅栏目名变更 覆盖 2010Q1-2026Q2"
2025-Q4,1180722.19,cn_pboc_sector_credit,CN,CNY_100M,"PBOC 金融机构人民币信贷收支表 非金融企业及机关团体中长期贷款余额(亿元,月度季末取值) 栏目名沿革:2010-2014""非金融企业及其他部门贷款""(Loans to Non-financial Enterprises and Other Sectors)→2015-2019""非金融企业及机关团体贷款""→2020起""企（事）业单位贷款""(Loans to Non-financial Enterprises and Government Departments & Organizations);口径=境内贷款下非住户部门中长期贷款;2015/2020重命名观测值连续无跳变 definition break=仅栏目名变更 覆盖 2010Q1-2026Q2"
2026-Q1,1234939.81,cn_pboc_sector_credit,CN,CNY_100M,"PBOC 金融机构人民币信贷收支表 非金融企业及机关团体中长期贷款余额(亿元,月度季末取值) 栏目名沿革:2010-2014""非金融企业及其他部门贷款""(Loans to Non-financial Enterprises and Other Sectors)→2015-2019""非金融企业及机关团体贷款""→2020起""企（事）业单位贷款""(Loans to Non-financial Enterprises and Government Departments & Organizations);口径=境内贷款下非住户部门中长期贷款;2015/2020重命名观测值连续无跳变 definition break=仅栏目名变更 覆盖 2010Q1-2026Q2"
2026-Q2,1236180.78,cn_pboc_sector_credit,CN,CNY_100M,"PBOC 金融机构人民币信贷收支表 非金融企业及机关团体中长期贷款余额(亿元,月度季末取值) 栏目名沿革:2010-2014""非金融企业及其他部门贷款""(Loans to Non-financial Enterprises and Other Sectors)→2015-2019""非金融企业及机关团体贷款""→2020起""企（事）业单位贷款""(Loans to Non-financial Enterprises and Government Departments & Organizations);口径=境内贷款下非住户部门中长期贷款;2015/2020重命名观测值连续无跳变 definition break=仅栏目名变更 覆盖 2010Q1-2026Q2"
